Industry Name,Year,Investment (in Million INR),Employment Rate (%),Production Output (in Million INR),Infrastructure Score,Energy Consumption (in GWh),Government Incentives (in Million INR)
IT,2024,399,942,813,298,545,253
Mining,2023,458,390,369,264,902,539
Pharmaceutical,2023,44,977,237,687,95,111
Automobile,2024,47,785,182,521,866,206
Agriculture,2022,452,716,526,265,327,666
Mining,2022,688,622,415,92,6,597
Mining,2024,437,341,216,320,536,497
Pharmaceutical,2022,230,4,67,620,11,544
Agriculture,2022,936,183,148,113,924,661
Automobile,2023,116,955,689,24,530,756
Automobile,2021,120,501,803,745,501,629
Mining,2020,253,24,902,493,158,10
Manufacturing,2020,28,665,438,266,848,952
Agriculture,2022,955,67,185,607,893,862
Mining,2024,707,480,702,76,567,402
Automobile,2021,943,605,872,637,389,592
Agriculture,2022,365,523,611,885,995,201
Mining,2020,641,121,451,715,291,15
Mining,2024,687,728,854,807,552,671
Automobile,2023,640,972,51,632,672,825
Mining,2021,4,649,382,476,561,222
IT,2024,536,294,958,973,585,359
Automobile,2020,380,967,554,346,828,322
IT,2024,607,697,876,762,463,656
Agriculture,2024,978,215,502,138,360,280
IT,2021,50,1000,355,393,138,910
Manufacturing,2022,480,216,648,29,501,407
Agriculture,2020,65,727,428,71,93,883
Mining,2022,432,451,841,460,469,571
Pharmaceutical,2020,562,809,8,892,605,322
Agriculture,2022,774,516,360,987,420,804
IT,2021,463,720,529,740,783,687
Mining,2023,442,112,743,504,120,0
Manufacturing,2024,958,950,192,849,391,693
Mining,2022,375,593,938,377,594,79
Pharmaceutical,2021,802,762,765,367,821,179
IT,2023,5,636,646,110,458,560
Mining,2020,867,891,514,241,396,793
Agriculture,2021,647,656,991,769,659,899
Automobile,2022,357,925,24,95,164,111
Agriculture,2024,590,57,46,697,483,280
Manufacturing,2022,806,57,979,136,726,576
Manufacturing,2022,153,857,370,114,953,423
Mining,2020,280,351,261,109,314,502
Manufacturing,2021,444,170,279,579,554,804
Mining,2020,459,886,168,288,550,481
Mining,2023,298,878,563,356,864,15
Automobile,2023,793,537,390,552,133,148
Manufacturing,2023,617,818,896,6,685,52
Agriculture,2021,81,190,138,472,616,650
Mining,2022,135,473,731,974,434,989
IT,2022,905,549,241,643,552,455
Automobile,2021,505,626,193,227,244,312
Automobile,2023,83,27,672,941,605,862
IT,2024,855,402,906,932,253,645
Automobile,2020,987,82,453,784,140,402
Automobile,2020,929,704,663,355,463,433
Pharmaceutical,2020,737,889,120,204,824,232
Agriculture,2020,869,679,809,818,937,84
Agriculture,2020,969,647,122,381,224,216
Pharmaceutical,2023,15,944,534,524,982,735
Agriculture,2023,164,343,43,566,378,883
Agriculture,2024,654,462,155,974,968,624
IT,2023,605,318,852,736,33,719
Automobile,2022,100,601,67,44,405,132
Manufacturing,2021,474,629,105,256,643,894
Mining,2020,523,45,359,458,40,645
Mining,2020,371,401,73,265,832,211
Mining,2022,783,483,977,999,249,169
Agriculture,2022,912,692,25,150,13,164
Mining,2020,431,436,216,382,572,777
Mining,2021,656,355,591,540,906,195
IT,2024,770,664,525,585,318,539
Agriculture,2023,100,655,425,578,42,232
Pharmaceutical,2021,33,853,409,37,922,105
Agriculture,2020,199,236,470,54,819,227
Automobile,2022,651,521,926,786,893,941
Manufacturing,2024,342,834,253,559,806,613
IT,2022,979,412,595,697,13,809
Mining,2021,270,4,794,387,311,253
IT,2020,577,21,115,262,723,222
IT,2022,147,298,82,300,730,571
IT,2022,295,935,36,718,198,31
IT,2021,808,387,715,171,122,862
IT,2024,61,210,92,670,129,402
Automobile,2023,996,956,813,568,438,375
Agriculture,2020,379,987,853,818,182,772
IT,2022,192,421,443,737,97,386
Mining,2022,398,131,626,219,458,248
Agriculture,2021,958,635,325,768,465,428
Manufacturing,2020,675,623,12,383,371,825
Agriculture,2023,365,880,798,721,775,238
IT,2021,599,562,547,620,652,740
Manufacturing,2020,298,565,39,864,378,894
Agriculture,2023,848,705,765,533,204,920
Manufacturing,2024,155,330,351,247,485,211
Manufacturing,2023,984,202,153,103,810,148
Pharmaceutical,2021,253,460,1000,168,902,42
IT,2020,790,230,477,963,714,296
Automobile,2022,563,490,748,203,984,671
Automobile,2020,419,528,782,722,870,396
IT,2021,775,444,111,393,516,63
IT,2022,705,615,160,976,122,444
Mining,2020,397,175,693,420,928,63
Mining,2024,245,763,482,770,964,423
Automobile,2022,627,529,613,811,605,550
Agriculture,2020,936,448,463,823,899,883
IT,2024,34,529,983,114,334,555
IT,2023,780,648,980,969,904,682
IT,2022,286,458,304,685,293,164
Agriculture,2021,897,176,492,807,601,994
Manufacturing,2022,795,140,467,834,935,888
Automobile,2020,647,684,712,667,567,973
Agriculture,2021,294,506,818,396,412,264
Manufacturing,2020,512,978,649,703,478,571
IT,2023,41,80,486,905,22,973
Mining,2020,582,370,759,951,897,534
Agriculture,2024,345,893,956,498,369,957
Manufacturing,2021,890,270,769,319,614,994
Manufacturing,2023,413,10,814,576,935,227
Manufacturing,2023,458,36,233,154,514,777
Agriculture,2023,833,265,745,55,138,21
Pharmaceutical,2022,774,964,340,224,951,328
Pharmaceutical,2023,730,497,509,847,826,296
Pharmaceutical,2021,842,786,37,773,298,809
Automobile,2021,375,399,270,528,799,661
Automobile,2024,788,328,779,275,0,164
Manufacturing,2023,173,534,737,958,821,994
Mining,2023,120,124,292,880,269,455
Agriculture,2024,309,5,295,983,106,587
Automobile,2023,899,238,814,517,991,100
Pharmaceutical,2022,890,303,942,78,991,232
Pharmaceutical,2022,205,544,988,940,492,809
Pharmaceutical,2023,191,782,20,858,6,0
Mining,2022,839,80,230,143,60,904
Mining,2021,160,646,125,164,790,476
Automobile,2024,909,984,476,418,11,476
Agriculture,2023,944,55,456,602,436,26
Manufacturing,2024,194,342,525,96,135,650
Pharmaceutical,2023,627,661,122,157,928,190
Pharmaceutical,2023,43,125,956,844,899,201
Pharmaceutical,2022,418,605,840,508,449,677
Pharmaceutical,2020,721,396,84,444,962,571
Pharmaceutical,2021,55,65,809,264,648,984
IT,2020,964,42,297,313,476,79
IT,2020,484,773,844,561,585,354
Pharmaceutical,2024,927,673,254,968,260,42
Pharmaceutical,2020,310,794,906,76,728,105
Pharmaceutical,2023,453,22,329,712,336,396
Automobile,2021,714,278,705,109,839,693
Manufacturing,2020,740,387,483,281,445,386
Automobile,2024,411,290,620,993,71,428
Agriculture,2021,767,7,383,771,69,920
Pharmaceutical,2020,618,760,698,287,926,910
Mining,2022,622,432,145,853,131,661
Manufacturing,2022,777,466,243,379,180,444
Pharmaceutical,2021,586,74,448,999,679,465
Automobile,2020,826,732,456,395,478,423
Manufacturing,2021,160,271,210,910,242,867
Automobile,2023,880,787,142,772,630,656
Manufacturing,2020,200,728,171,408,340,259
Pharmaceutical,2022,793,203,712,383,521,513
Pharmaceutical,2020,254,819,221,285,481,402
Pharmaceutical,2024,245,839,984,334,481,185
Agriculture,2020,120,189,633,141,810,455
Mining,2024,978,862,841,458,775,931
Pharmaceutical,2023,189,123,30,661,810,582
Manufacturing,2023,62,302,874,70,895,31
Automobile,2022,611,911,943,674,383,476
Pharmaceutical,2020,196,919,612,580,200,883
Automobile,2022,103,663,535,493,902,63
Automobile,2021,946,979,10,976,425,809
Mining,2020,908,820,460,505,922,619
Agriculture,2020,512,813,264,948,262,79
Automobile,2021,546,877,184,589,933,42
Automobile,2022,328,755,798,788,115,962
IT,2023,846,949,251,32,429,21
Agriculture,2023,480,211,674,119,416,693
IT,2022,129,996,73,241,476,571
Agriculture,2020,498,445,446,731,173,973
Mining,2024,847,694,46,852,661,84
Agriculture,2021,604,711,771,97,806,978
Automobile,2021,146,361,475,443,552,920
Automobile,2023,593,214,550,366,632,74
Agriculture,2024,517,996,381,995,75,788
Agriculture,2023,375,968,769,80,363,116
Mining,2020,509,823,351,580,492,58
Automobile,2020,339,503,75,901,879,687
IT,2023,50,236,959,148,86,962
IT,2022,668,558,565,74,788,116
Mining,2020,820,81,351,904,37,306
IT,2021,66,859,22,713,276,936
Mining,2024,218,70,984,175,579,423
Manufacturing,2021,43,386,406,385,844,449
Mining,2024,298,505,12,25,233,433
IT,2024,402,431,265,47,33,433
Automobile,2024,705,166,678,343,189,603
Agriculture,2023,640,239,811,568,51,402
Automobile,2023,276,99,397,305,866,15
Pharmaceutical,2020,112,62,17,230,378,291
Automobile,2022,654,442,205,698,821,79
Mining,2024,542,401,748,49,746,148
Automobile,2021,60,548,875,368,97,603
Pharmaceutical,2020,539,459,479,538,634,370
Automobile,2021,285,945,596,931,309,449
IT,2022,969,326,759,479,808,179
Agriculture,2023,67,244,210,757,567,925
Manufacturing,2023,309,104,195,900,269,58
IT,2021,946,253,171,243,521,15
Agriculture,2020,454,150,986,320,804,460
Pharmaceutical,2021,536,382,672,967,84,296
Manufacturing,2022,378,165,132,812,993,275
Mining,2022,246,476,376,350,917,222
Mining,2021,416,864,565,190,783,978
IT,2020,379,75,244,727,385,153
IT,2023,61,319,789,936,830,285
Agriculture,2020,12,383,559,105,850,835
Mining,2020,791,346,790,530,853,592
Agriculture,2024,599,245,366,819,367,380
Agriculture,2022,667,26,475,595,325,989
IT,2023,783,77,806,468,429,354
Pharmaceutical,2021,443,422,803,224,260,883
Agriculture,2022,616,803,614,609,979,84
Pharmaceutical,2022,160,671,152,379,904,370
Automobile,2021,238,890,530,620,599,650
Pharmaceutical,2022,982,138,655,800,485,603
Pharmaceutical,2024,58,874,108,723,933,206
Automobile,2021,903,998,366,203,594,671
Agriculture,2022,641,723,345,247,474,460
Manufacturing,2024,793,504,802,196,461,280
Manufacturing,2020,164,356,790,912,532,444
Pharmaceutical,2022,704,194,569,167,804,253
Agriculture,2021,484,84,308,386,779,396
Automobile,2023,535,677,740,575,503,179
Pharmaceutical,2023,759,480,945,717,819,756
Pharmaceutical,2024,543,243,819,276,650,391
Manufacturing,2020,195,981,774,140,857,0
Agriculture,2022,368,525,143,36,242,248
Agriculture,2020,75,63,174,820,37,280
Automobile,2021,125,892,75,157,291,994
Mining,2024,375,415,438,735,768,195
Automobile,2024,545,720,33,242,494,550
Manufacturing,2020,137,158,135,545,64,269
Agriculture,2020,670,554,138,654,810,291
Manufacturing,2020,271,228,925,0,574,619
Mining,2023,102,909,793,990,423,158
Pharmaceutical,2023,44,568,704,604,216,751
Pharmaceutical,2022,62,709,584,5,873,15
Automobile,2022,252,732,431,939,525,952
Automobile,2020,912,227,853,171,445,185
Mining,2023,115,114,648,4,104,793
Automobile,2024,650,877,366,200,608,587
Automobile,2020,859,79,526,36,525,100
Mining,2023,914,385,409,425,463,5
Agriculture,2023,171,432,211,442,256,576
Manufacturing,2023,898,652,475,972,40,645
Automobile,2020,770,0,245,495,53,211
Agriculture,2021,987,820,502,396,311,243
Agriculture,2022,502,241,866,434,64,26
IT,2023,481,359,757,34,240,264
Mining,2022,887,987,884,19,469,402
Automobile,2021,149,283,881,834,853,148
IT,2023,443,920,106,147,933,269
Pharmaceutical,2020,687,543,375,273,786,312
Automobile,2023,936,962,30,254,761,126
Agriculture,2021,124,13,14,541,189,603
Pharmaceutical,2024,83,11,578,792,674,216
Mining,2024,703,346,976,362,596,666
Pharmaceutical,2023,978,811,928,245,532,222
Automobile,2023,391,639,926,861,155,645
Pharmaceutical,2020,51,160,316,92,690,608
Pharmaceutical,2022,45,837,988,888,109,100
Pharmaceutical,2020,282,840,617,252,367,671
IT,2020,511,360,752,283,538,809
Pharmaceutical,2022,255,360,419,929,599,111
Mining,2022,768,842,710,886,175,333
Automobile,2021,228,367,577,846,55,481
IT,2022,286,830,42,965,779,317
Manufacturing,2020,290,329,729,194,763,502
IT,2022,171,569,690,788,681,835
Mining,2021,764,572,953,683,864,883
Mining,2023,272,325,708,680,639,343
Pharmaceutical,2023,576,483,834,233,668,407
Agriculture,2020,894,368,355,826,93,825
Agriculture,2022,270,274,8,95,574,656
Mining,2021,490,205,375,456,518,724
Manufacturing,2022,57,771,246,419,572,95
Manufacturing,2021,155,642,96,976,265,26
Manufacturing,2020,113,868,588,364,919,560
Automobile,2020,288,48,231,468,229,724
Agriculture,2021,256,746,176,226,781,841
Agriculture,2024,390,331,434,624,997,777
Agriculture,2023,659,431,943,761,71,158
IT,2022,487,430,555,869,118,407
Agriculture,2020,436,275,769,812,151,666
Automobile,2024,12,299,973,114,296,566
Automobile,2021,430,482,842,877,385,375
Agriculture,2020,453,334,966,205,77,862
Pharmaceutical,2024,556,955,1000,699,325,999
Automobile,2020,589,857,142,342,937,820
Mining,2020,224,122,536,736,195,947
IT,2023,354,487,246,854,111,179
Agriculture,2023,808,411,792,272,282,507
Manufacturing,2022,1,16,615,676,661,476
Pharmaceutical,2022,787,546,559,158,222,370
Agriculture,2021,10,342,826,459,407,640
Mining,2022,974,758,83,875,407,539
Automobile,2021,537,524,723,409,40,703
Manufacturing,2022,708,884,610,771,414,259
Mining,2021,896,621,899,888,703,714
Pharmaceutical,2024,253,422,901,220,394,47
Mining,2024,1000,957,559,647,641,539
IT,2023,997,933,734,553,218,375
Mining,2024,103,642,141,397,846,417
Agriculture,2023,239,202,550,189,681,846
Automobile,2023,313,421,984,962,300,248
Manufacturing,2020,803,248,400,257,305,179
Pharmaceutical,2021,638,478,774,282,781,481
IT,2022,373,232,475,428,403,216
IT,2021,489,86,788,893,844,809
Pharmaceutical,2022,21,707,11,159,262,402
Mining,2020,814,669,296,789,775,470
Mining,2024,538,576,657,261,380,788
Manufacturing,2021,493,954,246,575,354,37
Pharmaceutical,2023,192,335,336,574,612,243
Mining,2022,777,373,501,716,162,365
Manufacturing,2022,665,152,309,897,494,910
Automobile,2023,38,630,474,753,692,677
IT,2023,34,281,350,884,795,285
Mining,2020,368,837,710,790,465,370
Automobile,2024,695,841,605,185,507,10
IT,2021,579,681,267,555,770,439
Automobile,2022,281,790,483,408,567,650
Pharmaceutical,2020,417,750,733,629,951,63
Manufacturing,2020,837,102,828,367,670,529
Pharmaceutical,2023,155,819,330,337,17,164
Mining,2020,361,809,751,388,788,211
Mining,2023,609,763,236,293,318,423
Manufacturing,2023,696,335,267,743,2,629
IT,2024,551,916,653,231,997,296
Agriculture,2023,496,711,7,652,282,211
Automobile,2023,858,6,805,201,821,137
Manufacturing,2020,998,162,304,549,240,365
Manufacturing,2020,816,782,528,859,22,100
Manufacturing,2021,253,749,475,566,467,68
Automobile,2024,698,569,648,366,608,994
Pharmaceutical,2020,472,828,278,266,158,862
Pharmaceutical,2024,85,320,655,796,102,756
Automobile,2023,721,379,410,468,643,962
Pharmaceutical,2024,711,699,781,922,129,507
Agriculture,2023,471,490,420,107,396,31
Mining,2020,850,639,147,50,608,169
IT,2020,634,201,143,260,64,169
Agriculture,2022,87,195,332,114,538,433
Agriculture,2021,334,977,603,250,688,984
IT,2020,454,16,427,642,469,529
Pharmaceutical,2020,927,971,518,711,207,724
Automobile,2021,324,311,150,131,236,671
Pharmaceutical,2020,865,123,372,900,975,349
Agriculture,2020,318,736,108,946,844,275
Automobile,2021,194,329,347,830,697,21
Automobile,2020,736,800,18,77,650,793
Automobile,2023,265,914,861,111,795,375
Mining,2024,54,187,783,809,821,423
IT,2023,506,149,637,28,280,148
Pharmaceutical,2023,278,160,454,727,979,42
Agriculture,2021,112,957,132,944,538,999
Agriculture,2023,799,142,614,918,394,661
Automobile,2022,497,18,583,836,416,359
Manufacturing,2020,654,415,200,249,665,613
Automobile,2024,769,942,32,296,414,354
Mining,2020,520,295,256,398,645,867
Mining,2024,569,634,217,375,438,275
Mining,2022,18,951,679,790,209,375
IT,2021,96,761,322,410,628,999
IT,2021,711,740,371,781,82,280
IT,2022,936,874,352,37,100,142
Automobile,2024,395,578,490,887,153,603
Manufacturing,2020,242,65,793,296,394,15
IT,2021,134,631,919,650,917,862
Manufacturing,2022,52,130,640,502,445,492
Manufacturing,2024,527,653,71,724,650,58
Agriculture,2021,776,225,484,783,351,931
Mining,2020,340,274,111,618,8,185
IT,2023,145,326,87,440,124,216
Mining,2023,957,522,111,681,149,513
Agriculture,2022,149,81,282,747,650,957
Manufacturing,2022,308,973,941,799,641,301
Mining,2020,601,571,155,479,420,804
Pharmaceutical,2022,952,726,412,841,398,714
Mining,2024,877,156,599,217,474,47
Pharmaceutical,2022,649,860,791,356,953,31
Mining,2024,431,296,732,248,69,0
Manufacturing,2021,54,83,6,257,256,0
Mining,2023,75,744,476,141,400,978
Manufacturing,2022,382,495,688,996,269,539
IT,2024,191,720,867,628,320,550
Manufacturing,2020,385,448,560,160,233,359
Agriculture,2020,513,663,976,650,220,973
Pharmaceutical,2021,552,292,917,913,182,31
Automobile,2024,834,926,411,385,109,465
Automobile,2023,219,144,489,381,616,841
Pharmaceutical,2021,65,670,214,410,608,656
Mining,2023,394,626,564,593,478,470
Agriculture,2024,187,659,372,428,534,89
Agriculture,2022,231,662,997,993,875,920
Manufacturing,2021,2,154,98,686,726,830
Pharmaceutical,2020,163,584,794,558,4,529
IT,2024,261,231,750,411,708,42
Automobile,2021,126,874,313,897,340,682
IT,2023,510,22,246,751,280,931
Manufacturing,2022,667,98,842,0,487,105
Pharmaceutical,2023,612,217,524,947,565,814
Manufacturing,2022,711,300,151,607,859,0
Automobile,2023,369,240,675,345,559,354
Automobile,2022,976,188,142,273,599,211
Manufacturing,2022,748,353,941,47,160,433
Manufacturing,2023,753,636,657,723,271,248
Manufacturing,2022,269,100,791,341,873,698
Pharmaceutical,2024,276,904,365,802,425,555
Mining,2022,991,155,78,382,739,910
Manufacturing,2023,16,301,670,721,387,433
Manufacturing,2022,378,100,147,786,899,243
Agriculture,2021,671,9,891,363,583,999
Agriculture,2020,559,792,153,303,694,74
Mining,2024,309,244,170,80,759,994
Manufacturing,2021,904,785,544,312,242,566
Automobile,2022,678,365,38,630,389,52
Manufacturing,2023,109,375,427,636,2,179
Automobile,2020,258,518,838,354,888,507
Agriculture,2024,975,124,712,11,993,407
Manufacturing,2023,853,631,927,599,908,772
Agriculture,2022,878,690,534,986,746,354
IT,2021,802,827,910,746,570,841
Pharmaceutical,2020,284,368,162,555,734,126
Manufacturing,2021,381,381,653,978,356,645
Mining,2021,333,156,61,575,717,153
Pharmaceutical,2021,830,633,816,631,826,375
Mining,2024,993,809,469,380,71,280
Automobile,2020,339,295,982,379,269,767
Automobile,2022,775,86,367,929,193,26
IT,2021,803,824,215,460,723,814
Automobile,2021,604,764,276,807,596,841
Automobile,2021,720,794,252,792,723,846
Automobile,2021,953,88,399,338,895,883
Automobile,2024,826,544,246,141,461,486
Mining,2023,855,841,274,999,681,269
Mining,2024,998,162,214,327,302,597
Mining,2020,53,586,688,337,550,370
Pharmaceutical,2024,758,833,354,375,525,920
Pharmaceutical,2020,55,302,335,578,605,248
Automobile,2024,899,851,735,744,674,417
IT,2024,98,267,122,983,220,47
Mining,2024,367,74,595,157,561,719
Agriculture,2021,941,161,693,679,202,883
IT,2021,494,907,629,739,4,529
IT,2024,815,759,336,668,786,772
Manufacturing,2020,283,706,516,826,309,0
Mining,2023,473,767,574,839,140,851
Agriculture,2023,44,422,122,120,501,693
IT,2024,269,307,75,938,467,195
Manufacturing,2023,393,486,924,956,701,507
Manufacturing,2021,558,409,21,904,601,566
Mining,2023,129,403,904,794,389,888
Agriculture,2024,916,84,735,158,342,624
Automobile,2020,312,57,133,567,821,486
Automobile,2020,827,784,736,519,191,671
IT,2021,266,448,48,217,151,920
Mining,2023,879,451,905,285,806,735
Manufacturing,2023,42,898,63,573,714,873
Manufacturing,2021,568,739,82,867,407,259
IT,2020,412,742,252,186,53,291
Mining,2020,122,528,911,17,97,476
Agriculture,2023,117,31,454,54,621,835
Manufacturing,2020,743,96,991,78,828,185
Automobile,2024,589,667,839,561,443,185
Mining,2021,101,27,750,995,559,26
Automobile,2024,775,848,354,326,104,492
Agriculture,2023,928,556,285,968,554,47
Manufacturing,2022,916,950,85,416,109,201
IT,2024,883,662,272,116,763,529
Pharmaceutical,2020,632,93,719,442,338,317
Pharmaceutical,2023,686,679,520,129,670,338
Automobile,2020,452,229,71,8,300,661
IT,2022,510,355,21,644,574,164
IT,2020,353,908,504,966,218,666
Agriculture,2023,215,4,676,213,832,185
Manufacturing,2024,877,720,878,22,587,894
Pharmaceutical,2020,196,654,332,496,993,465
Agriculture,2020,250,86,200,575,191,788
Mining,2023,837,874,833,59,645,486
Manufacturing,2024,184,359,286,280,6,888
Mining,2023,219,179,63,556,4,465
Mining,2020,229,669,103,420,40,793
Mining,2020,552,920,942,298,710,513
IT,2021,876,90,296,571,420,195
Automobile,2023,718,193,118,835,412,37
Agriculture,2022,979,457,260,888,0,507
IT,2020,806,345,538,676,955,52
Pharmaceutical,2023,180,5,779,832,608,682
Pharmaceutical,2021,703,309,246,54,276,232
Mining,2022,141,934,21,902,585,513
Automobile,2022,698,329,709,984,492,126
Automobile,2023,402,93,390,16,498,910
Pharmaceutical,2023,26,838,880,225,104,84
Automobile,2024,638,477,331,709,988,15
IT,2020,225,772,471,815,247,89
Mining,2023,641,540,714,605,951,851
Agriculture,2024,241,758,745,771,73,370
Manufacturing,2024,519,846,496,648,587,947
Automobile,2020,10,626,803,914,351,31
Mining,2020,627,669,46,890,155,116
Automobile,2020,51,66,104,481,850,550
IT,2021,382,128,110,405,438,439
Manufacturing,2020,596,587,832,858,394,465
Manufacturing,2021,249,218,642,852,231,386
Agriculture,2021,917,149,476,850,149,560
Mining,2020,511,591,457,788,712,883
Pharmaceutical,2024,453,805,434,784,113,693
Mining,2020,5,74,585,427,369,285
Mining,2024,599,285,201,467,124,476
Agriculture,2024,796,441,764,17,988,608
Manufacturing,2022,199,866,980,764,982,68
IT,2020,909,266,511,234,550,306
Automobile,2021,994,183,204,178,17,386
Automobile,2022,943,366,452,203,710,407
Automobile,2023,368,33,659,718,554,592
Manufacturing,2021,710,242,724,977,786,10
Agriculture,2020,389,642,436,831,670,95
Mining,2022,520,825,511,619,844,640
Mining,2022,359,123,438,101,131,481
IT,2021,635,6,760,732,414,735
Pharmaceutical,2022,650,830,722,404,503,629
Mining,2023,292,983,573,789,984,857
Mining,2020,175,294,148,128,492,301
Pharmaceutical,2023,384,510,665,788,643,793
Mining,2021,736,90,274,228,621,365
Automobile,2020,125,499,818,285,661,740
Manufacturing,2020,441,330,396,486,89,925
Automobile,2023,265,941,148,469,536,492
Mining,2024,238,338,614,383,202,957
Mining,2022,850,105,972,467,445,449
Pharmaceutical,2023,220,936,200,642,118,783
Mining,2020,42,401,796,846,518,417
Automobile,2024,245,774,84,901,973,137
Agriculture,2024,816,885,632,356,521,994
Agriculture,2020,963,724,5,197,420,179
IT,2024,681,35,606,606,565,492
Manufacturing,2021,4,290,483,239,461,317
Automobile,2020,36,426,718,176,790,502
Automobile,2022,754,425,409,918,396,730
Agriculture,2020,288,750,609,632,40,777
IT,2024,626,890,75,364,799,216
Pharmaceutical,2022,640,949,9,141,363,888
Pharmaceutical,2021,816,693,419,643,832,539
Mining,2024,569,220,387,788,363,878
Manufacturing,2024,276,85,284,933,86,523
IT,2020,391,331,299,226,694,968
Manufacturing,2023,110,135,658,69,616,984
Manufacturing,2020,626,621,820,491,423,243
Pharmaceutical,2022,13,314,722,504,518,375
Automobile,2020,819,606,547,101,338,481
Mining,2023,163,386,964,47,318,751
Agriculture,2024,231,909,905,482,565,291
Agriculture,2023,220,865,58,781,443,666
IT,2024,563,38,161,450,525,772
Automobile,2021,746,967,242,108,187,629
IT,2022,547,996,429,65,679,502
Pharmaceutical,2022,332,19,99,436,24,328
Automobile,2024,379,128,948,918,599,703
IT,2021,619,145,167,42,207,365
Automobile,2021,942,276,272,249,670,915
IT,2023,690,178,70,909,543,507
Agriculture,2023,483,659,12,690,984,931
Pharmaceutical,2022,224,6,171,50,363,58
IT,2024,23,650,306,889,734,375
Manufacturing,2023,395,810,716,771,545,37
Manufacturing,2022,345,41,639,993,160,380
Mining,2021,736,917,180,350,554,962
Manufacturing,2024,133,769,434,597,48,846
Mining,2022,789,895,698,896,821,814
Manufacturing,2021,123,819,176,775,314,708
IT,2022,675,0,818,831,663,873
IT,2023,484,125,538,595,899,539
Pharmaceutical,2024,604,56,93,497,229,296
Automobile,2023,27,171,792,334,501,26
Pharmaceutical,2022,291,950,145,584,0,529
Agriculture,2023,672,108,873,381,717,375
Manufacturing,2020,28,551,817,378,732,830
Mining,2021,379,165,687,766,714,841
Manufacturing,2021,196,852,14,494,612,835
Automobile,2022,943,964,728,459,830,555
Mining,2021,657,537,384,120,51,269
Pharmaceutical,2023,319,108,612,3,902,809
Automobile,2022,576,247,279,904,244,5
Automobile,2021,389,495,571,534,273,179
Agriculture,2023,581,881,353,66,790,5
Automobile,2021,410,260,46,786,311,74
Mining,2023,864,652,223,1,391,455
IT,2023,242,310,337,372,850,216
Mining,2024,607,166,207,735,844,873
Manufacturing,2020,874,544,191,172,334,613
IT,2021,606,525,172,950,37,634
Agriculture,2022,494,470,180,479,325,788
Agriculture,2020,54,734,997,70,899,936
Pharmaceutical,2024,473,250,374,194,875,507
Manufacturing,2023,210,994,214,354,218,291
IT,2020,175,303,164,799,432,507
Agriculture,2024,238,163,481,883,487,100
Mining,2023,879,627,415,955,683,518
Mining,2023,734,909,100,141,763,608
Manufacturing,2021,575,116,962,15,167,285
IT,2020,133,275,341,812,162,84
Mining,2020,286,570,247,719,109,317
Automobile,2023,736,998,955,146,182,79
Automobile,2023,982,674,92,664,338,31
Agriculture,2023,219,156,60,172,868,439
Pharmaceutical,2021,152,734,507,430,559,878
Manufacturing,2022,145,999,272,177,129,867
Mining,2024,515,563,76,903,489,555
Automobile,2022,808,54,235,504,904,804
Automobile,2023,877,477,296,503,610,867
IT,2020,581,830,227,829,389,883
IT,2022,454,382,850,737,897,592
Mining,2020,442,209,371,860,454,333
IT,2021,660,281,229,617,400,619
Pharmaceutical,2021,657,936,61,993,841,47
Pharmaceutical,2022,481,452,971,444,946,550
Mining,2023,270,934,34,357,886,608
Manufacturing,2021,156,148,211,48,984,349
Manufacturing,2020,932,733,943,885,175,671
Automobile,2024,129,807,354,797,182,412
IT,2023,777,17,795,780,40,947
Pharmaceutical,2024,233,20,448,433,710,433
IT,2020,996,777,18,621,997,407
Pharmaceutical,2020,80,984,343,752,2,714
IT,2021,563,483,948,301,73,820
Mining,2021,698,606,185,495,380,513
IT,2023,28,514,793,717,592,936
IT,2024,749,724,974,878,988,841
Automobile,2022,988,722,590,554,953,306
Mining,2021,58,361,586,388,772,910
Manufacturing,2021,299,276,833,978,151,412
Mining,2021,581,735,882,914,383,687
Pharmaceutical,2020,157,777,944,321,400,825
Mining,2024,114,379,33,575,699,724
Pharmaceutical,2021,993,925,109,264,347,322
Manufacturing,2023,56,781,419,641,630,465
Pharmaceutical,2020,537,752,739,831,501,894
Automobile,2020,996,172,513,535,498,582
Mining,2022,989,952,513,424,797,925
Mining,2022,110,241,953,943,636,492
Pharmaceutical,2020,74,832,7,619,576,5
Mining,2024,426,340,757,930,349,645
Mining,2022,24,482,838,912,265,492
Pharmaceutical,2024,319,846,869,588,734,502
Pharmaceutical,2020,724,168,468,793,986,238
Manufacturing,2021,853,382,391,662,138,566
Mining,2024,829,171,629,556,334,772
Agriculture,2024,634,482,910,917,164,783
Manufacturing,2020,132,573,802,476,251,185
Agriculture,2020,538,797,211,297,13,783
Manufacturing,2024,8,884,710,963,489,767
Pharmaceutical,2022,410,747,406,815,861,682
Agriculture,2021,215,678,55,371,801,661
Manufacturing,2024,579,467,113,929,643,793
Agriculture,2023,875,894,486,58,824,952
Agriculture,2020,668,473,10,108,282,470
Manufacturing,2020,439,653,694,845,465,894
Manufacturing,2021,179,173,288,132,458,95
IT,2023,822,303,51,201,886,296
Mining,2023,737,485,238,179,20,47
Agriculture,2022,372,141,171,158,256,767
Manufacturing,2020,392,531,790,826,755,767
Agriculture,2024,739,789,247,691,547,492
Automobile,2021,96,755,717,337,345,835
Manufacturing,2024,384,839,846,133,13,190
Pharmaceutical,2023,818,904,295,835,804,169
Automobile,2023,104,349,11,137,320,492
Agriculture,2021,278,658,943,489,17,243
Agriculture,2023,371,147,220,63,420,216
Manufacturing,2021,440,785,57,174,935,560
IT,2021,152,511,832,224,674,243
IT,2024,645,299,172,306,775,84
Mining,2020,994,320,854,437,890,502
IT,2022,591,924,91,432,910,910
Manufacturing,2020,547,861,229,915,783,105
Agriculture,2020,895,816,944,964,665,830
Pharmaceutical,2020,211,621,729,62,556,444
Mining,2020,27,861,694,948,195,783
Agriculture,2021,505,19,887,292,60,571
Agriculture,2023,602,651,820,30,583,396
Agriculture,2024,219,130,438,253,692,730
Manufacturing,2020,945,731,5,474,291,158
IT,2022,842,430,717,771,278,857
IT,2020,865,515,486,445,178,603
Automobile,2020,883,435,912,19,692,211
Automobile,2023,895,476,530,245,596,396
Mining,2024,401,486,545,370,202,280
IT,2024,22,640,328,706,886,275
IT,2021,40,978,122,160,244,423
Manufacturing,2022,652,37,625,319,922,460
Manufacturing,2023,978,830,896,599,594,650
Manufacturing,2024,363,955,776,690,387,513
Manufacturing,2024,994,636,494,736,180,449
Mining,2023,132,653,747,8,536,777
Agriculture,2020,565,528,514,362,792,275
Manufacturing,2023,790,191,930,475,138,179
Agriculture,2020,404,762,971,862,369,555
Manufacturing,2022,963,976,37,652,374,481
Automobile,2021,122,73,32,609,207,931
Agriculture,2024,127,858,592,61,153,190
Mining,2022,704,430,74,171,988,746
Mining,2023,835,970,853,530,768,121
IT,2020,107,140,599,92,788,518
Pharmaceutical,2021,388,369,533,580,706,804
Agriculture,2021,302,788,978,889,285,227
IT,2021,56,582,180,991,685,465
IT,2021,696,509,30,686,218,777
Automobile,2020,268,2,852,177,545,42
Manufacturing,2021,860,900,576,755,13,449
Agriculture,2021,322,137,24,551,354,153
Mining,2022,942,177,237,503,358,899
Manufacturing,2020,927,770,845,982,639,904
Automobile,2022,672,418,783,404,532,275
Mining,2024,283,996,85,354,641,465
Manufacturing,2020,145,241,706,525,262,455
Mining,2024,826,441,901,108,452,962
Agriculture,2021,976,513,12,526,532,42
Mining,2022,535,540,996,940,585,682
Mining,2020,41,704,808,88,260,481
IT,2022,106,934,579,526,467,624
IT,2020,63,279,566,41,309,100
Pharmaceutical,2022,192,486,354,402,17,486
Mining,2024,129,309,508,361,563,687
Automobile,2023,161,905,854,268,815,449
Pharmaceutical,2020,500,431,423,509,995,15
Pharmaceutical,2021,717,356,861,419,320,740
Pharmaceutical,2021,511,642,514,205,601,873
Pharmaceutical,2024,818,709,290,397,256,412
Manufacturing,2021,730,791,529,219,521,645
IT,2024,244,901,544,383,412,534
Mining,2020,984,605,689,562,670,259
Automobile,2024,783,402,70,329,77,529
IT,2020,322,57,778,327,534,708
Agriculture,2022,875,929,270,507,8,555
Agriculture,2023,434,921,50,486,298,264
Manufacturing,2023,489,504,247,536,706,111
IT,2023,808,107,310,622,11,867
Automobile,2020,631,652,655,211,933,211
Pharmaceutical,2023,677,948,33,121,772,15
Agriculture,2024,510,649,278,41,728,396
Agriculture,2020,61,661,269,554,641,47
Manufacturing,2022,738,589,831,503,697,772
Automobile,2023,174,802,839,293,719,354
Mining,2024,942,623,296,602,62,269
Manufacturing,2022,803,539,315,481,2,338
IT,2021,308,662,316,670,75,137
Automobile,2022,826,973,501,284,737,920
Manufacturing,2021,170,476,597,75,763,232
Manufacturing,2024,894,984,253,336,799,486
Agriculture,2024,849,981,158,254,855,343
Manufacturing,2024,629,970,620,671,394,216
Manufacturing,2021,769,773,902,6,4,47
Pharmaceutical,2024,135,126,777,56,953,158
Pharmaceutical,2021,525,62,615,129,587,873
Mining,2020,459,395,732,952,169,259
Manufacturing,2023,810,101,392,781,133,534
Pharmaceutical,2022,859,704,43,636,42,846
Manufacturing,2020,200,352,254,876,984,492
IT,2024,532,808,266,303,846,735
Agriculture,2021,428,964,364,934,443,841
Mining,2024,736,447,127,210,846,322
IT,2022,528,770,692,596,679,142
Mining,2020,819,18,210,459,296,894
Pharmaceutical,2021,833,699,498,52,282,555
Mining,2023,345,7,331,882,113,121
Manufacturing,2023,431,98,0,356,608,507
Pharmaceutical,2021,857,196,89,170,118,5
IT,2021,793,229,990,629,449,211
Manufacturing,2023,866,337,504,852,759,597
Mining,2021,741,991,341,374,64,910
Pharmaceutical,2021,657,398,548,944,697,957
IT,2023,333,370,461,730,95,835
Pharmaceutical,2022,147,220,774,984,830,26
Automobile,2020,10,639,40,328,866,216
Manufacturing,2022,879,780,829,313,256,947
Pharmaceutical,2022,390,187,608,832,135,31
IT,2022,291,644,152,274,770,89
IT,2023,21,53,575,523,191,185
Mining,2022,321,977,266,275,697,370
Pharmaceutical,2023,212,292,490,926,447,650
Pharmaceutical,2021,998,622,571,940,810,978
Agriculture,2021,607,378,724,746,51,756
Automobile,2022,203,712,833,218,957,396
Pharmaceutical,2021,10,950,27,358,810,158
Agriculture,2020,106,944,438,22,928,746
Manufacturing,2024,864,712,159,742,510,957
IT,2020,243,716,552,596,40,788
Automobile,2024,630,821,964,602,547,275
Pharmaceutical,2020,342,116,108,79,138,37
Agriculture,2020,979,629,213,710,287,26
Agriculture,2022,278,884,952,153,227,439
Mining,2023,806,465,437,95,583,671
Manufacturing,2022,427,262,403,904,416,851
IT,2024,422,145,171,576,231,95
Pharmaceutical,2020,685,808,54,183,211,740
Agriculture,2024,360,526,574,139,993,973
IT,2024,882,862,680,412,688,566
Mining,2020,798,892,535,512,385,68
Manufacturing,2023,558,511,600,91,106,592
Pharmaceutical,2024,469,493,788,572,398,730
Mining,2023,907,190,485,315,719,851
Manufacturing,2022,724,902,342,504,559,661
Automobile,2022,252,281,840,696,434,888
IT,2024,508,595,233,628,420,899
Manufacturing,2022,713,951,201,968,708,973
Automobile,2020,719,204,255,828,111,89
Pharmaceutical,2022,630,567,944,122,917,735
Pharmaceutical,2023,505,627,384,690,238,111
Manufacturing,2022,855,321,559,397,795,846
IT,2020,510,36,901,741,380,296
Automobile,2020,561,732,664,234,741,576
Automobile,2020,98,237,996,919,407,306
Mining,2022,510,171,535,886,367,365
Automobile,2021,869,34,50,602,8,253
IT,2022,303,347,535,157,489,238
Manufacturing,2020,771,836,904,946,233,148
Automobile,2021,786,862,0,301,632,735
Mining,2021,251,52,241,183,75,216
Manufacturing,2023,194,599,88,815,788,634
Pharmaceutical,2023,636,896,884,220,973,47
Agriculture,2023,786,312,162,811,726,333
IT,2022,224,967,629,783,17,809
Manufacturing,2021,333,449,772,323,732,962
Manufacturing,2020,725,870,575,134,398,687
Agriculture,2022,840,120,493,736,162,185
Automobile,2023,24,267,876,993,730,507
Agriculture,2021,709,212,863,543,766,497
Automobile,2022,121,85,795,40,140,544
IT,2020,709,421,886,313,930,396
Agriculture,2020,703,170,369,487,403,412
Automobile,2023,486,187,239,696,605,698
Pharmaceutical,2024,212,851,168,505,414,835
Automobile,2024,644,800,36,446,930,820
Pharmaceutical,2023,62,333,458,889,309,153
Mining,2023,527,410,795,952,844,417
Manufacturing,2023,828,954,391,388,53,328
Agriculture,2020,378,184,446,629,349,603
Manufacturing,2024,102,639,873,848,567,597
Pharmaceutical,2021,345,658,540,741,37,15
Manufacturing,2024,328,110,189,310,832,772
IT,2020,549,865,706,206,944,994
IT,2021,570,151,583,418,233,343
Pharmaceutical,2024,377,868,174,21,40,809
Manufacturing,2020,790,76,956,984,173,735
Mining,2022,288,992,711,152,251,518
IT,2024,2,603,566,84,420,984
Manufacturing,2024,585,412,812,783,547,804
Agriculture,2020,727,657,119,986,804,962
IT,2021,857,760,322,99,478,798
Automobile,2020,629,111,780,854,240,338
Manufacturing,2023,918,685,701,192,129,756
Pharmaceutical,2020,875,763,330,254,726,190
IT,2023,416,986,632,905,498,772
Mining,2024,421,990,964,672,799,566
Mining,2022,197,735,877,49,135,280
Automobile,2023,882,413,559,286,258,497
Mining,2024,398,654,53,231,447,26
Mining,2024,513,693,4,871,169,137
Agriculture,2024,321,529,506,574,645,666
Agriculture,2024,473,792,228,917,160,730
Automobile,2022,526,260,201,230,792,650
Mining,2022,883,382,775,396,821,529
Mining,2021,370,618,302,37,184,185
Agriculture,2023,674,298,771,77,690,587
IT,2021,728,594,196,854,456,375
Manufacturing,2021,729,390,694,271,213,550
Pharmaceutical,2020,362,365,251,841,694,407
Mining,2024,638,148,798,39,463,121
Automobile,2020,919,467,937,862,175,719
Automobile,2022,153,146,984,384,184,492
IT,2022,735,92,157,158,788,68
Automobile,2024,967,600,146,348,521,359
Pharmaceutical,2024,755,702,110,459,434,201
IT,2024,245,663,938,100,826,190
IT,2023,225,689,268,529,565,619
Manufacturing,2024,639,331,12,688,496,433
Automobile,2024,363,466,651,12,106,264
Pharmaceutical,2021,61,601,90,600,380,513
Agriculture,2024,651,552,514,143,476,793
Pharmaceutical,2021,773,667,663,68,634,105
Mining,2021,343,275,554,335,559,629
Manufacturing,2023,432,149,826,331,494,772
Mining,2023,154,497,169,637,623,317
Mining,2023,34,897,283,14,810,95
Mining,2023,492,706,145,495,768,634
Mining,2021,749,978,881,645,374,603
Mining,2021,182,161,218,658,984,835
Pharmaceutical,2022,357,815,585,697,523,343
Mining,2024,691,310,481,214,184,428
Agriculture,2023,614,464,900,741,204,222
Manufacturing,2021,360,539,742,846,456,386
Mining,2023,767,602,771,615,296,841
Automobile,2022,880,320,924,642,968,841
IT,2022,847,541,111,547,207,582
IT,2020,925,145,215,478,821,433
Manufacturing,2024,540,778,849,624,545,391
Automobile,2023,499,178,612,444,383,433
Pharmaceutical,2024,352,593,569,135,17,211
Agriculture,2023,345,104,548,916,287,455
Agriculture,2021,152,230,692,975,543,243
Manufacturing,2023,33,465,454,842,592,999
Pharmaceutical,2023,612,569,236,567,338,560
Pharmaceutical,2023,91,356,154,97,828,142
Mining,2020,218,229,399,279,187,687
Automobile,2024,223,343,359,796,436,560
Mining,2022,65,338,690,119,113,121
IT,2020,54,661,919,148,378,417
Pharmaceutical,2024,368,840,542,9,988,984
Mining,2023,528,444,503,488,501,888
Pharmaceutical,2022,894,479,602,714,746,111
Pharmaceutical,2023,324,407,829,465,463,899
Mining,2023,309,697,770,320,866,433
Agriculture,2024,974,205,212,77,530,201
Pharmaceutical,2020,880,406,644,234,518,333
Agriculture,2023,131,448,252,632,218,724
Mining,2023,660,44,863,630,122,846
Manufacturing,2023,645,304,498,654,44,137
Manufacturing,2021,349,661,583,192,855,814
Mining,2024,739,845,588,231,309,714
Agriculture,2023,648,535,112,591,269,179
Pharmaceutical,2023,947,600,513,318,449,735
IT,2021,647,337,803,808,187,216
Automobile,2020,473,86,190,888,935,968
Automobile,2023,80,729,491,245,973,121
Automobile,2024,25,59,851,571,75,201
Agriculture,2022,690,613,1,791,31,925
IT,2023,60,586,22,482,325,243
IT,2023,317,298,339,638,69,417
IT,2020,571,944,227,359,688,375
IT,2020,235,651,145,545,550,878
Mining,2022,668,241,872,456,605,492
Mining,2022,190,472,549,821,356,698
Agriculture,2022,123,157,753,925,621,830
IT,2020,354,344,501,653,877,978
Pharmaceutical,2024,146,144,168,923,603,650
Automobile,2023,40,175,533,145,841,5
Mining,2023,682,314,903,773,755,947
Agriculture,2024,810,224,217,261,979,164
Agriculture,2023,439,782,836,284,467,941
Pharmaceutical,2020,515,871,298,45,242,402
Mining,2023,286,678,904,545,694,391
Agriculture,2022,820,155,204,9,964,534
Automobile,2020,614,123,160,580,191,947
IT,2021,896,765,909,508,106,820
Mining,2023,804,53,448,43,494,523
Pharmaceutical,2022,793,858,684,860,131,322
Manufacturing,2020,775,428,163,211,102,539
Agriculture,2024,519,617,657,983,443,68
IT,2022,917,391,753,61,770,89
Pharmaceutical,2023,723,325,504,689,922,698
Mining,2021,214,506,342,986,525,370
Automobile,2021,954,173,910,74,790,285
Pharmaceutical,2021,533,123,205,776,832,962
Automobile,2023,280,34,684,407,171,63
IT,2020,865,270,177,939,661,375
Manufacturing,2020,507,116,685,647,503,571
IT,2021,330,763,430,185,895,825
Pharmaceutical,2020,288,552,711,185,180,359
Agriculture,2022,82,831,331,458,962,851
Automobile,2021,161,835,897,874,420,841
Pharmaceutical,2023,754,364,454,601,879,492
Agriculture,2024,987,194,115,27,178,470
Mining,2023,796,705,632,729,86,867
Agriculture,2023,501,4,667,636,510,851
Agriculture,2022,282,276,923,598,690,179
IT,2020,937,963,55,634,612,333
Mining,2021,945,987,751,250,363,164
Automobile,2020,965,41,590,372,465,809
IT,2024,213,171,153,280,436,10
Pharmaceutical,2022,67,951,670,515,608,708
Pharmaceutical,2023,775,762,984,646,505,820
IT,2024,696,632,809,133,957,677
Mining,2024,305,536,332,408,913,724
IT,2020,686,291,329,714,253,407
Pharmaceutical,2024,380,913,103,305,122,269
Pharmaceutical,2020,246,875,971,485,884,95
Pharmaceutical,2022,852,695,897,728,249,746
Agriculture,2023,353,913,946,113,973,518
Agriculture,2020,414,872,21,344,467,597
Automobile,2024,894,440,997,386,51,497
IT,2024,444,371,740,564,269,592
Mining,2024,561,739,454,780,220,947
IT,2022,894,263,790,382,959,571
Manufacturing,2023,507,579,788,548,258,708
IT,2020,299,565,479,382,628,449
Mining,2021,75,193,827,363,202,857
Agriculture,2021,278,145,197,210,2,597
Manufacturing,2023,870,545,21,670,64,751
Pharmaceutical,2024,817,286,955,471,732,312
Manufacturing,2020,324,691,446,997,755,777
Agriculture,2021,616,345,61,205,750,936
Mining,2020,224,18,424,936,888,783
Mining,2021,124,584,349,622,708,206
Pharmaceutical,2023,883,609,571,519,986,449
Mining,2023,932,726,795,953,461,793
Manufacturing,2023,304,90,885,205,298,529
Pharmaceutical,2022,60,756,979,790,730,174
Manufacturing,2024,780,978,45,446,405,566
Mining,2021,525,634,114,239,418,708
IT,2021,315,57,496,716,699,5
Manufacturing,2023,210,800,167,158,287,412
Mining,2022,895,912,573,463,935,444
Automobile,2020,701,195,963,12,946,666
Automobile,2020,213,845,493,389,178,169
IT,2021,300,391,123,263,957,238
Automobile,2022,112,787,538,197,494,380
IT,2020,420,957,698,528,340,947
Mining,2023,459,338,988,951,347,396
Mining,2023,933,302,300,883,33,576
IT,2024,651,786,969,712,579,386
Agriculture,2023,253,432,784,172,639,835
Manufacturing,2024,585,935,939,693,138,322
Agriculture,2023,539,395,290,651,220,10
Automobile,2021,981,248,8,594,100,15
Automobile,2021,539,345,839,509,801,968
Manufacturing,2023,229,294,762,808,64,195
Agriculture,2022,105,67,454,263,893,47
IT,2021,814,577,263,760,913,174
Manufacturing,2022,388,979,365,574,269,174
IT,2023,314,697,872,965,641,767
Automobile,2020,337,158,307,929,318,920
Pharmaceutical,2023,707,925,401,345,178,306
Pharmaceutical,2024,53,703,167,936,494,883
Manufacturing,2021,966,889,648,440,641,37
Manufacturing,2024,733,25,638,615,175,481
Automobile,2021,790,980,120,106,643,169
Mining,2021,45,261,430,134,365,767
Agriculture,2021,573,723,436,686,42,999
Manufacturing,2022,856,144,867,557,211,645
Automobile,2021,753,688,241,432,810,116
Automobile,2022,395,971,673,827,233,428
Manufacturing,2023,511,376,326,456,60,857
Mining,2023,513,156,413,9,610,433
Agriculture,2020,50,626,984,784,53,497
Agriculture,2020,329,23,861,849,387,613
Automobile,2023,909,999,597,804,768,481
Automobile,2023,959,672,854,604,881,354
IT,2021,592,684,678,473,398,687
Manufacturing,2020,765,79,789,138,198,216
Manufacturing,2023,518,324,495,376,683,735
Manufacturing,2024,252,598,60,231,514,624
Automobile,2023,759,114,663,971,739,0
Manufacturing,2023,824,879,656,741,62,201
Pharmaceutical,2020,420,526,890,411,314,492
IT,2024,729,807,780,108,801,592
Mining,2022,51,14,887,624,167,740
Manufacturing,2022,521,11,21,874,247,994
Agriculture,2024,676,445,909,650,690,878
Automobile,2020,166,475,346,634,717,677
Mining,2024,695,338,612,414,507,613
Pharmaceutical,2021,392,332,615,623,663,465
Agriculture,2021,298,29,235,734,779,158
Manufacturing,2023,58,517,747,300,614,492
Agriculture,2020,21,282,138,40,877,481
Automobile,2022,30,931,692,601,661,190
Automobile,2022,583,172,61,245,75,216
Manufacturing,2023,591,303,227,863,247,888
Agriculture,2023,690,512,857,475,178,227
Manufacturing,2021,824,498,540,965,977,798
Mining,2024,42,788,719,795,623,343
Manufacturing,2021,94,365,298,832,296,296
IT,2020,350,561,548,974,906,793
Manufacturing,2021,76,980,433,16,311,312
Mining,2020,85,718,807,713,336,338
Manufacturing,2021,569,122,712,50,766,571
Pharmaceutical,2022,341,308,566,906,661,984
Automobile,2020,33,888,697,119,82,433
Agriculture,2020,767,423,590,386,129,296
Pharmaceutical,2023,669,216,340,329,799,153
Agriculture,2023,815,871,405,274,414,539
Automobile,2024,289,298,787,922,104,560
Pharmaceutical,2023,250,160,313,56,948,227
Pharmaceutical,2020,823,449,918,902,884,412
Mining,2024,92,785,632,825,1000,746
Manufacturing,2022,187,750,335,460,777,79
Manufacturing,2022,492,449,839,400,585,264
Manufacturing,2024,710,684,0,664,839,878
Automobile,2024,377,820,649,562,91,26
Automobile,2024,209,82,313,283,211,460
Agriculture,2023,94,588,117,830,844,185
Agriculture,2020,309,176,977,312,106,190
Mining,2024,531,94,919,9,233,925
IT,2022,909,828,33,106,661,185
Agriculture,2024,122,757,432,986,790,634
Mining,2022,280,650,971,945,608,603
Mining,2023,892,651,895,886,625,851
Agriculture,2022,420,95,241,500,253,708
Agriculture,2024,799,584,202,212,530,111
IT,2024,78,492,12,762,741,333
Agriculture,2020,252,787,869,884,229,820
Mining,2023,737,91,625,841,953,513
IT,2023,664,824,568,918,728,63
Pharmaceutical,2023,55,240,47,94,11,74
Mining,2024,870,566,540,7,233,867
Manufacturing,2020,340,646,280,888,380,396
IT,2023,410,906,821,81,616,804
Mining,2021,34,709,447,491,291,825
Automobile,2024,471,813,951,558,42,587
Agriculture,2021,545,909,980,947,158,978
Pharmaceutical,2023,759,563,520,648,213,407
Pharmaceutical,2022,828,178,687,601,581,539
IT,2024,879,773,683,926,944,15
Mining,2020,112,497,638,714,140,317
IT,2020,618,545,835,913,763,264
Automobile,2022,926,128,988,886,810,190
Pharmaceutical,2021,563,972,958,345,930,925
Mining,2021,85,222,891,734,73,264
Agriculture,2020,746,793,11,660,238,539
Manufacturing,2020,680,985,832,87,478,100
Pharmaceutical,2020,106,534,522,483,202,550
Manufacturing,2022,135,908,295,255,657,126
Agriculture,2022,805,629,372,975,530,566
IT,2021,767,932,720,768,951,158
Pharmaceutical,2021,551,214,372,169,853,465
Manufacturing,2021,300,775,12,412,534,5
Manufacturing,2024,72,621,449,192,158,89
Automobile,2022,81,589,111,836,109,910
Agriculture,2022,22,813,262,940,26,513
Automobile,2022,492,552,578,123,104,89
Manufacturing,2022,513,848,533,457,363,0
Agriculture,2020,610,747,479,298,810,851
Pharmaceutical,2021,95,397,974,947,440,740
Mining,2022,794,241,890,136,565,539
Automobile,2022,339,635,651,391,890,68
Pharmaceutical,2020,418,922,132,968,853,968
Manufacturing,2024,894,237,238,7,837,396
Automobile,2024,700,985,652,243,730,571
Automobile,2023,751,950,103,2,844,402
Pharmaceutical,2023,951,883,532,18,153,878
Mining,2023,235,10,306,232,850,841
Agriculture,2020,687,386,870,534,425,317
Pharmaceutical,2021,357,598,899,644,866,492
Automobile,2023,797,446,290,505,209,137
Manufacturing,2023,75,677,856,544,964,21
IT,2021,835,652,355,438,574,317
Manufacturing,2023,305,380,539,832,322,994
Mining,2021,682,725,508,397,844,21
IT,2021,102,251,402,995,452,666
IT,2024,686,727,83,836,968,783
Automobile,2023,110,122,251,330,476,746
Pharmaceutical,2020,570,847,152,361,200,417
IT,2023,380,560,476,186,904,243
Automobile,2024,768,189,664,797,233,608
Agriculture,2023,264,933,46,944,897,444
Automobile,2024,373,756,607,173,536,767
Pharmaceutical,2022,226,838,517,479,977,608
Manufacturing,2023,448,0,506,784,155,624
Automobile,2023,860,327,267,303,853,142
IT,2024,573,17,299,436,962,439
IT,2020,191,626,867,377,661,370
Agriculture,2021,826,841,312,199,113,518
Agriculture,2020,726,606,680,395,53,26
Pharmaceutical,2024,224,28,952,432,195,417
Automobile,2022,25,719,512,806,628,587
Automobile,2024,437,875,627,192,768,783
Mining,2022,380,675,971,410,583,253
IT,2022,221,919,843,647,536,788
Agriculture,2021,203,781,762,609,585,624
IT,2022,241,167,380,707,84,756
Pharmaceutical,2020,531,417,593,263,104,724
IT,2023,528,940,42,598,238,772
Automobile,2023,324,567,884,19,485,788
Agriculture,2024,677,679,68,553,616,269
Mining,2022,870,822,146,717,175,687
Agriculture,2021,269,908,498,799,608,962
Manufacturing,2023,100,896,799,615,229,867
Mining,2023,845,579,522,153,572,640
Automobile,2021,796,65,529,626,730,994
Agriculture,2022,624,353,492,941,260,322
IT,2023,826,620,629,552,530,84
Automobile,2020,223,855,294,470,788,671
IT,2023,408,364,847,314,832,142
Agriculture,2023,991,943,302,257,538,439
Mining,2023,488,565,777,508,213,518
Pharmaceutical,2021,137,163,216,9,913,550
Pharmaceutical,2021,965,491,36,823,592,301
Agriculture,2023,490,455,950,365,198,661
Agriculture,2023,102,695,612,596,516,248
Manufacturing,2022,847,603,835,496,26,349
Agriculture,2024,474,651,476,828,603,687
Manufacturing,2023,144,846,75,791,55,671
Mining,2024,142,577,883,826,672,703
Manufacturing,2020,401,124,100,888,870,544
Manufacturing,2021,344,114,38,536,743,386
Agriculture,2021,95,674,982,895,884,624
IT,2024,936,894,678,926,739,380
Mining,2021,609,582,195,214,659,153
Pharmaceutical,2024,70,690,387,403,926,365
Manufacturing,2021,907,346,438,135,189,656
Pharmaceutical,2021,373,340,272,848,621,153
Mining,2022,961,569,75,729,463,740
Pharmaceutical,2022,590,932,332,649,732,825
Pharmaceutical,2023,753,176,623,414,445,841
IT,2023,582,526,334,271,734,444
Mining,2020,787,567,685,29,33,137
Mining,2022,5,826,216,466,40,222
Automobile,2024,808,274,429,80,861,825
Automobile,2022,941,249,428,876,770,687
IT,2024,708,905,571,72,204,756
Agriculture,2020,95,309,313,858,349,851
Agriculture,2021,130,227,391,219,556,830
Pharmaceutical,2023,230,674,470,987,240,613
Manufacturing,2024,552,692,680,422,897,153
Automobile,2024,184,415,849,519,367,428
Automobile,2022,303,683,948,281,187,476
IT,2023,505,724,407,277,975,544
IT,2022,862,69,36,778,265,317
Pharmaceutical,2024,838,792,728,409,53,481
Mining,2022,233,896,602,912,184,301
Pharmaceutical,2023,906,910,224,161,701,560
IT,2022,462,668,695,811,461,343
Agriculture,2023,887,351,125,78,64,714
IT,2024,507,235,579,566,149,777
Agriculture,2022,483,213,856,388,808,259
Agriculture,2023,518,87,250,321,944,63
IT,2021,718,925,976,340,550,195
Manufacturing,2024,720,236,974,730,438,280
Pharmaceutical,2023,389,648,83,879,109,5
Manufacturing,2022,173,162,880,67,690,698
Pharmaceutical,2022,463,14,211,102,919,476
IT,2023,602,232,91,524,587,761
Pharmaceutical,2021,130,390,317,144,102,534
Agriculture,2020,63,44,669,327,850,857
Pharmaceutical,2022,391,961,540,976,959,201
Automobile,2020,886,726,545,432,643,137
Agriculture,2022,403,782,526,688,779,973
Agriculture,2022,508,111,185,979,95,185
IT,2021,172,617,425,861,282,455
IT,2020,248,439,251,90,371,5
Pharmaceutical,2022,169,368,10,395,300,121
Pharmaceutical,2020,381,298,201,68,369,925
Agriculture,2021,222,393,758,959,204,724
IT,2022,766,94,841,311,360,21
Mining,2021,271,796,212,104,142,449
Pharmaceutical,2023,238,667,315,740,487,58
IT,2020,740,721,615,576,855,820
Automobile,2021,380,655,647,238,378,899
Pharmaceutical,2022,478,441,790,418,512,957
IT,2021,843,46,455,896,812,116
Automobile,2024,803,835,837,671,835,671
Manufacturing,2021,50,796,859,907,527,518
Automobile,2020,719,389,172,206,331,121
Automobile,2022,705,146,738,874,962,21
Agriculture,2020,845,864,820,40,968,89
Mining,2024,122,382,106,772,334,597
Automobile,2022,600,652,812,963,997,132
Automobile,2024,3,110,491,410,202,148
IT,2020,273,390,152,369,149,497
Automobile,2022,709,68,907,506,543,952
Pharmaceutical,2024,412,297,764,805,788,206
Pharmaceutical,2024,789,184,697,786,875,640
Agriculture,2024,686,518,630,812,616,772
IT,2021,953,442,293,659,772,391
IT,2021,122,120,530,584,231,89
IT,2022,740,219,95,195,995,746
Mining,2022,26,171,197,380,737,222
Agriculture,2020,607,194,88,866,848,925
IT,2021,215,524,494,430,552,169
Mining,2024,200,19,286,269,699,365
IT,2024,701,343,280,27,151,666
Mining,2024,394,447,445,173,22,518
Agriculture,2020,824,585,134,763,380,973
IT,2023,304,492,35,530,828,47
Pharmaceutical,2023,246,319,183,490,906,582
Pharmaceutical,2022,795,797,637,641,830,396
Automobile,2024,915,131,202,708,222,68
Mining,2022,947,135,695,421,585,973
Pharmaceutical,2020,479,546,349,377,554,84
Pharmaceutical,2022,945,476,354,101,899,783
Automobile,2022,739,913,305,964,556,724
IT,2021,728,163,679,567,554,841
Mining,2024,369,60,167,515,581,465
Pharmaceutical,2023,377,186,249,282,22,428
IT,2023,328,356,811,627,828,904
Automobile,2021,351,707,707,427,249,121
Mining,2024,314,315,65,638,449,777
Pharmaceutical,2021,203,274,224,840,922,21
Manufacturing,2020,976,64,963,508,429,280
Manufacturing,2020,550,801,133,642,552,841
Automobile,2021,754,351,70,87,710,190
Automobile,2024,322,811,488,558,944,52
Mining,2021,756,425,400,812,746,216
Pharmaceutical,2023,447,629,552,490,144,523
Pharmaceutical,2023,220,972,143,965,993,137
Agriculture,2024,828,983,714,248,407,492
IT,2020,463,103,151,629,229,894
Manufacturing,2021,870,720,525,787,360,58
Manufacturing,2022,418,295,346,712,973,708
Pharmaceutical,2020,428,15,251,852,66,190
Agriculture,2020,23,927,769,811,550,497
Mining,2022,768,385,721,329,830,989
IT,2023,14,157,790,802,908,661
Agriculture,2024,776,133,658,356,403,185
Pharmaceutical,2023,250,958,495,995,826,216
Manufacturing,2024,969,361,422,360,632,846
Mining,2021,826,435,38,467,64,296
Manufacturing,2023,572,290,402,268,35,751
Manufacturing,2023,575,102,611,88,340,285
Pharmaceutical,2020,331,176,674,858,659,814
Automobile,2020,117,554,323,218,781,703
Agriculture,2022,7,872,931,653,478,587
Pharmaceutical,2021,921,830,694,349,977,476
Pharmaceutical,2024,818,599,97,819,320,809
Mining,2022,552,64,366,311,559,275
Automobile,2022,605,685,286,609,850,47
Automobile,2020,276,855,855,166,933,597
Mining,2024,964,370,2,406,855,873
Pharmaceutical,2020,759,51,199,405,171,269
Pharmaceutical,2024,926,55,765,327,681,238
Agriculture,2020,466,855,454,240,28,724
Automobile,2022,173,634,514,863,180,539
Manufacturing,2020,488,982,226,941,672,349
IT,2023,280,532,773,464,973,894
Automobile,2023,666,726,733,999,463,338
Automobile,2021,370,623,190,136,338,15
Pharmaceutical,2024,866,613,193,800,592,534
Automobile,2020,649,548,7,948,31,529
Pharmaceutical,2022,263,352,10,939,567,619
Pharmaceutical,2024,799,897,100,326,973,571
Automobile,2020,361,815,654,906,385,756
Pharmaceutical,2020,784,729,392,963,151,835
Pharmaceutical,2020,56,860,824,0,398,571
Agriculture,2020,379,273,375,732,244,121
IT,2024,738,704,200,927,688,185
Manufacturing,2022,300,594,464,608,830,164
IT,2022,206,400,304,283,434,820
Agriculture,2021,353,601,791,923,625,497
IT,2024,184,493,874,248,694,84
Mining,2023,407,838,415,927,866,851
Mining,2022,961,739,469,594,305,211
Agriculture,2023,933,683,56,943,955,301
Pharmaceutical,2023,903,36,289,369,227,423
Automobile,2023,616,354,286,983,360,989
IT,2021,711,244,866,878,636,973
Mining,2020,616,303,904,830,420,756
Automobile,2024,126,343,699,303,850,21
Automobile,2024,750,302,435,766,144,708
Manufacturing,2023,493,899,375,379,877,465
IT,2021,546,838,901,918,452,502
Agriculture,2023,951,709,422,419,387,354
IT,2021,788,744,996,252,236,105
Manufacturing,2022,829,252,324,150,331,603
Mining,2022,448,891,250,317,505,481
Agriculture,2020,787,697,947,101,447,857
Manufacturing,2024,333,967,123,909,360,365
IT,2024,300,698,158,691,109,878
Manufacturing,2023,795,189,562,235,612,148
Automobile,2020,200,592,520,701,258,74
Manufacturing,2022,494,219,654,904,33,174
IT,2020,516,630,456,777,175,428
Pharmaceutical,2020,275,158,595,217,351,719
IT,2024,836,230,93,872,625,740
Manufacturing,2022,724,695,782,981,425,391
Mining,2020,344,821,1,481,587,338
Manufacturing,2023,741,536,607,308,908,619
Manufacturing,2021,194,624,565,512,2,296
Pharmaceutical,2020,73,161,255,685,699,529
IT,2023,378,933,495,89,22,396
Agriculture,2022,905,607,355,573,376,624
Mining,2024,560,961,476,893,870,370
Mining,2020,513,128,543,536,505,105
Agriculture,2022,598,670,799,609,20,576
IT,2021,35,660,603,478,380,851
Mining,2024,212,891,347,802,434,428
Automobile,2023,334,242,556,677,325,52
Mining,2020,27,999,83,673,608,523
Pharmaceutical,2023,917,192,460,322,890,412
Manufacturing,2020,448,158,636,779,710,714
Pharmaceutical,2020,251,0,601,757,354,687
Agriculture,2020,550,49,423,373,939,920
IT,2021,602,303,534,503,331,148
Manufacturing,2022,341,853,82,442,489,534
Agriculture,2020,776,995,92,219,282,936
Pharmaceutical,2024,250,244,573,5,971,95
Mining,2021,208,522,717,183,133,328
Mining,2024,273,864,163,924,928,333
IT,2020,695,745,994,365,530,730
IT,2022,582,560,538,217,13,576
Pharmaceutical,2022,846,766,329,789,525,296
Manufacturing,2024,935,580,80,533,253,867
Mining,2022,289,449,682,407,374,666
IT,2022,718,856,138,118,126,809
Pharmaceutical,2021,527,764,71,808,53,687
Automobile,2022,953,173,518,624,942,851
Pharmaceutical,2021,417,410,76,85,953,248
IT,2020,628,494,235,709,806,820
IT,2023,644,550,986,177,469,931
Mining,2024,967,674,55,307,231,58
Mining,2024,531,417,491,184,100,645
IT,2024,979,880,87,343,953,322
Manufacturing,2024,707,940,956,609,427,121
Mining,2024,112,764,212,399,298,587
Automobile,2023,676,887,880,245,242,486
Manufacturing,2020,642,948,877,880,302,428
Automobile,2022,538,123,375,608,42,523
Agriculture,2023,5,358,735,109,939,37
IT,2021,826,127,375,325,977,26
IT,2024,124,525,476,720,425,740
Mining,2024,789,159,459,989,567,21
Automobile,2023,751,877,180,582,454,285
Manufacturing,2020,949,361,919,514,342,666
Pharmaceutical,2022,853,800,599,629,886,867
Agriculture,2021,929,638,468,48,821,687
Mining,2023,290,843,128,166,173,206
Manufacturing,2024,205,811,29,767,538,439
IT,2020,22,318,691,865,498,0
Agriculture,2023,530,340,420,967,652,804
Automobile,2024,398,939,843,211,708,973
IT,2024,602,46,630,619,2,899
Mining,2024,161,552,971,139,498,158
Mining,2023,510,735,937,59,447,42
Manufacturing,2024,44,758,517,451,944,529
IT,2020,559,400,668,698,285,957
Pharmaceutical,2022,241,797,962,795,559,878
Agriculture,2020,90,591,905,146,474,650
IT,2023,342,425,496,665,723,910
IT,2021,191,684,700,499,173,232
Automobile,2024,329,259,986,815,396,603
Automobile,2021,309,540,563,330,102,211
Pharmaceutical,2024,862,919,550,715,260,402
IT,2020,115,432,754,131,536,793
Mining,2020,689,140,751,695,438,587
Agriculture,2023,738,438,18,8,768,814
Automobile,2020,8,892,912,942,20,740
Agriculture,2024,447,310,449,299,82,835
Agriculture,2020,387,375,385,330,917,259
Mining,2021,206,726,473,896,797,317
Manufacturing,2020,25,540,185,651,570,497
Mining,2024,735,521,914,319,554,560
Manufacturing,2020,907,280,123,646,307,26
Pharmaceutical,2020,149,590,177,659,171,873
Manufacturing,2024,664,19,276,827,478,222
Automobile,2023,421,429,471,916,160,920
IT,2022,559,750,58,944,770,925
Automobile,2023,408,189,405,988,706,693
Automobile,2024,484,869,368,542,855,402
Pharmaceutical,2024,251,15,226,972,229,222
Mining,2024,912,732,924,712,187,984
IT,2023,453,451,425,428,191,365
Automobile,2020,540,642,506,83,24,153
Pharmaceutical,2020,195,361,438,564,436,26
IT,2023,553,247,548,683,454,444
IT,2021,203,797,545,150,721,291
IT,2022,206,710,249,666,839,449
Manufacturing,2022,694,39,903,364,536,746
Automobile,2023,779,343,553,741,8,513
Manufacturing,2021,897,330,365,291,712,957
Mining,2022,215,199,205,646,567,222
IT,2020,147,598,199,81,768,957
Pharmaceutical,2023,72,598,364,315,672,984
Automobile,2022,305,609,725,928,77,740
IT,2022,654,726,453,421,672,894
Agriculture,2020,595,325,569,264,167,809
Automobile,2022,658,327,590,413,84,158
Automobile,2024,837,294,552,943,307,915
Agriculture,2022,76,137,621,771,169,904
IT,2022,984,621,902,430,380,179
Pharmaceutical,2024,739,888,126,629,846,105
Agriculture,2021,707,652,994,930,496,121
Agriculture,2024,296,226,944,899,95,878
Manufacturing,2021,887,738,435,986,812,952
IT,2020,766,63,356,573,939,253
Agriculture,2024,797,974,53,436,799,761
Automobile,2024,640,235,522,571,612,486
Automobile,2024,147,770,921,798,113,328
Manufacturing,2021,441,967,947,186,913,835
Manufacturing,2023,64,293,551,929,173,10
Agriculture,2022,365,373,548,46,993,89
Pharmaceutical,2023,570,456,45,240,939,238
Automobile,2023,60,957,210,166,636,873
Manufacturing,2023,212,303,622,768,777,523
Pharmaceutical,2023,488,7,956,584,670,841
Automobile,2022,890,191,178,744,17,867
Agriculture,2023,473,408,600,762,213,783
Pharmaceutical,2022,300,24,980,839,407,455
Agriculture,2020,558,39,139,176,503,634
Agriculture,2024,204,76,830,805,971,947
Agriculture,2023,508,895,753,593,115,962
Agriculture,2020,983,320,113,65,483,947
Agriculture,2024,331,89,69,539,336,783
IT,2023,293,765,446,19,291,433
Mining,2022,745,19,237,30,567,370
IT,2020,846,106,574,214,0,507
Automobile,2024,889,92,462,738,260,126
IT,2020,448,377,538,56,859,449
IT,2022,0,968,272,908,748,428
Agriculture,2021,720,137,730,67,358,312
Agriculture,2021,388,28,76,574,525,973
Mining,2021,577,823,299,968,334,571
Automobile,2024,951,157,448,331,507,460
Manufacturing,2023,965,338,321,981,741,370
Mining,2021,404,177,746,983,806,703
Agriculture,2020,451,87,374,365,614,206
Agriculture,2023,872,83,968,891,935,269
IT,2024,797,351,111,556,681,259
Mining,2022,800,500,561,818,928,306
Agriculture,2020,516,125,624,946,812,560
IT,2021,11,870,943,501,129,269
Automobile,2022,284,727,877,925,654,925
Pharmaceutical,2023,632,407,969,329,832,137
IT,2021,77,819,774,88,115,95
Mining,2021,136,562,877,744,95,597
Mining,2021,711,357,747,717,40,206
Mining,2024,971,747,548,691,518,322
Mining,2022,419,835,286,152,387,21
IT,2022,996,556,66,92,507,216
Manufacturing,2022,659,999,961,521,438,365
IT,2020,800,852,205,526,821,359
Agriculture,2020,367,746,58,421,922,767
IT,2022,715,5,711,968,601,640
IT,2024,785,485,27,990,369,767
Automobile,2022,147,96,468,869,138,21
Mining,2023,194,327,269,436,476,645
IT,2022,704,668,385,524,0,582
Pharmaceutical,2023,560,193,217,264,857,587
Manufacturing,2023,989,701,889,110,360,666
IT,2022,322,355,759,349,340,280
Manufacturing,2022,244,275,670,48,672,566
Agriculture,2022,557,520,862,772,44,21
Manufacturing,2021,658,155,857,139,115,857
IT,2024,550,276,769,660,556,386
Pharmaceutical,2023,274,493,86,619,356,793
Agriculture,2021,423,325,234,471,966,793
Manufacturing,2023,44,5,326,377,752,904
Mining,2023,418,304,923,61,837,465
Pharmaceutical,2023,400,620,378,186,296,518
Automobile,2022,473,701,650,776,685,952
Mining,2020,791,528,732,151,4,899
Manufacturing,2021,334,813,468,432,449,417
Agriculture,2023,385,33,598,51,608,317
Manufacturing,2020,110,116,357,309,857,645
Agriculture,2023,855,229,312,855,229,121
Manufacturing,2022,570,511,576,674,652,317
Manufacturing,2021,231,489,537,673,710,433
Automobile,2023,72,43,153,566,20,634
Manufacturing,2024,273,76,196,758,423,264
Automobile,2020,426,761,744,315,209,291
IT,2022,357,986,825,279,467,428
Agriculture,2024,322,653,663,621,732,492
Agriculture,2023,194,855,66,422,723,984
Mining,2021,241,180,907,316,545,269
IT,2020,979,704,68,290,391,989
Manufacturing,2021,46,702,460,883,302,708
Pharmaceutical,2024,932,108,787,79,966,248
Pharmaceutical,2023,210,984,846,762,603,984
Manufacturing,2024,497,413,574,924,89,513
Agriculture,2021,539,426,319,106,296,592
Manufacturing,2023,783,427,500,898,685,291
Mining,2023,568,636,536,233,291,920
IT,2023,715,796,403,850,389,354
IT,2024,66,565,748,449,775,560
Automobile,2024,100,276,346,183,968,396
Manufacturing,2024,595,609,512,630,211,137
Agriculture,2020,602,360,434,904,888,137
IT,2020,362,444,556,769,354,126
IT,2020,167,734,241,732,111,116
Manufacturing,2022,121,232,352,508,523,999
Mining,2024,374,80,7,456,841,312
Agriculture,2024,179,712,45,595,314,492
Manufacturing,2020,916,187,851,398,661,470
Manufacturing,2022,343,59,656,391,391,269
Mining,2020,367,648,413,355,229,941
Automobile,2020,894,792,568,911,563,999
Mining,2020,716,15,807,546,146,566
IT,2023,443,905,361,943,697,365
Pharmaceutical,2024,332,688,306,848,60,116
IT,2024,729,773,104,708,808,486
Mining,2021,342,208,375,602,623,730
IT,2023,680,318,297,284,824,640
Mining,2020,896,368,979,664,387,169
Automobile,2022,126,773,617,560,708,206
Manufacturing,2020,155,836,413,953,997,994
IT,2024,736,51,200,927,443,687
Mining,2020,314,433,562,544,20,137
Automobile,2024,74,306,561,607,378,973
Automobile,2023,441,282,56,195,236,809
Automobile,2024,80,806,899,62,44,190
Agriculture,2020,205,938,158,697,841,862
Manufacturing,2023,894,954,580,816,48,835
Pharmaceutical,2021,199,181,864,912,665,148
Pharmaceutical,2023,330,216,121,239,979,544
Pharmaceutical,2020,751,826,59,17,772,830
Manufacturing,2020,363,660,20,294,799,111
Manufacturing,2021,646,214,196,969,619,629
IT,2024,720,450,704,991,249,962
Automobile,2023,424,90,802,810,351,751
Mining,2024,46,332,999,585,182,719
Mining,2023,634,404,971,410,22,423
Pharmaceutical,2020,62,841,81,732,835,878
Pharmaceutical,2021,58,618,226,214,474,439
Automobile,2022,436,864,307,183,645,804
Manufacturing,2023,865,309,598,252,498,560
IT,2024,361,259,356,260,496,634
Agriculture,2020,67,329,669,776,342,476
Manufacturing,2022,647,639,119,381,260,608
Pharmaceutical,2020,684,453,627,133,465,322
Mining,2021,561,176,515,354,507,306
Mining,2024,754,223,824,585,64,47
Agriculture,2022,966,926,503,450,69,724
Mining,2020,20,524,77,950,550,486
Agriculture,2023,327,523,567,560,988,634
Agriculture,2024,300,217,392,275,630,396
Pharmaceutical,2020,951,959,661,264,603,936
Agriculture,2024,561,941,881,742,587,412
Pharmaceutical,2022,280,913,433,621,66,169
Agriculture,2022,837,699,348,976,113,142
Manufacturing,2020,971,511,156,433,71,550
Pharmaceutical,2022,789,857,962,409,149,0
Mining,2024,977,70,686,947,908,328
IT,2020,372,484,141,315,977,306
Pharmaceutical,2024,592,693,188,122,770,380
Automobile,2021,981,937,684,148,930,608
Manufacturing,2020,109,617,150,93,601,391
Manufacturing,2021,959,733,778,501,583,682
IT,2023,933,622,320,637,538,666
Manufacturing,2022,454,580,344,819,857,708
IT,2023,543,547,528,224,701,365
Pharmaceutical,2022,581,331,423,835,750,132
Agriculture,2023,82,12,638,625,322,968
Automobile,2022,117,339,951,227,340,888
IT,2022,647,769,86,35,955,291
IT,2023,135,694,458,825,538,354
Manufacturing,2023,309,955,489,353,316,126
Pharmaceutical,2022,966,605,195,148,318,841
Mining,2023,957,126,180,902,256,989
Automobile,2023,718,667,180,42,599,825
Manufacturing,2020,704,356,229,519,13,306
IT,2020,684,63,625,167,527,894
Automobile,2020,597,706,464,798,260,682
Manufacturing,2020,479,616,383,487,131,629
Pharmaceutical,2020,866,75,514,487,356,804
IT,2021,658,58,484,563,590,380
Pharmaceutical,2024,281,578,451,564,527,788
IT,2023,157,864,603,970,369,698
Agriculture,2024,364,20,649,939,868,788
Manufacturing,2024,937,105,773,558,84,433
Manufacturing,2023,345,284,31,815,314,132
Mining,2022,431,817,872,641,935,158
Manufacturing,2023,974,569,297,107,113,820
Agriculture,2022,791,841,843,515,561,973
IT,2020,830,911,813,87,213,809
IT,2024,444,925,552,319,334,460
Pharmaceutical,2021,971,579,274,933,788,317
Mining,2021,625,352,849,788,902,587
Pharmaceutical,2021,414,504,201,639,890,227
Pharmaceutical,2022,194,934,479,416,832,597
IT,2022,872,244,286,30,645,402
Pharmaceutical,2024,427,841,91,62,870,31
IT,2023,985,691,318,887,933,555
Automobile,2022,204,302,121,921,265,359
Mining,2022,735,530,260,800,262,523
Manufacturing,2023,113,705,305,90,587,555
IT,2021,894,729,868,527,445,476
Automobile,2024,234,492,853,255,57,264
Manufacturing,2020,686,703,313,546,496,920
Manufacturing,2024,146,786,535,846,198,994
IT,2022,944,586,305,582,866,195
Pharmaceutical,2023,636,951,315,767,111,100
IT,2022,607,92,897,102,180,460
Manufacturing,2024,718,101,565,543,216,793
Mining,2022,175,511,83,842,652,539
Automobile,2022,855,882,771,401,966,751
Manufacturing,2024,299,557,140,571,608,291
Pharmaceutical,2021,981,117,524,378,915,359
Automobile,2024,87,453,798,701,632,423
Mining,2023,949,900,86,270,559,920
Automobile,2022,883,557,644,73,861,164
Pharmaceutical,2021,145,803,698,51,583,740
Pharmaceutical,2020,173,276,142,274,587,195
Manufacturing,2024,255,29,47,990,552,740
Manufacturing,2021,224,915,587,8,590,825
Mining,2024,750,835,942,362,832,211
Mining,2020,619,955,518,452,271,730
Agriculture,2023,390,792,537,531,492,306
IT,2023,327,272,591,669,57,888
IT,2021,51,179,513,563,220,920
Pharmaceutical,2024,95,331,69,570,434,947
IT,2024,840,844,136,162,510,275
Mining,2020,330,685,29,505,679,31
Automobile,2023,256,812,513,286,877,121
Mining,2021,166,117,816,690,164,343
Agriculture,2020,116,886,500,995,289,164
Automobile,2021,793,15,311,667,369,835
Agriculture,2022,813,280,327,127,821,280
Automobile,2020,45,123,578,394,641,275
Pharmaceutical,2024,220,182,623,882,334,666
Agriculture,2024,771,325,358,638,291,465
Automobile,2022,296,437,506,19,418,428
Pharmaceutical,2024,56,227,236,791,149,798
Manufacturing,2023,374,633,974,339,723,772
Mining,2022,195,80,678,540,621,375
Agriculture,2024,134,382,634,630,895,814
Agriculture,2023,103,445,230,7,806,888
IT,2024,927,911,682,2,692,47
Mining,2022,738,929,832,307,973,708
Automobile,2021,351,156,495,182,723,333
IT,2023,700,744,76,56,832,746
Mining,2024,870,808,991,522,625,613
Pharmaceutical,2023,62,449,30,651,483,730
Mining,2021,948,863,926,466,846,994
IT,2022,458,881,309,766,124,275
Automobile,2024,684,188,280,891,561,788
Pharmaceutical,2023,887,396,223,944,1000,582
Manufacturing,2023,802,525,68,77,24,687
Automobile,2020,273,992,632,740,567,962
IT,2023,305,2,531,256,429,989
Manufacturing,2021,317,757,330,671,995,52
Pharmaceutical,2021,784,268,644,495,296,941
Manufacturing,2023,370,876,743,407,714,63
IT,2024,880,328,906,169,937,529
IT,2022,132,903,866,657,806,883
Automobile,2021,51,224,143,532,534,539
Manufacturing,2021,219,596,694,128,538,767
Agriculture,2021,840,407,886,313,835,291
Agriculture,2023,314,662,479,593,164,179
IT,2022,329,179,520,32,915,947
Agriculture,2020,874,480,198,527,886,952
Manufacturing,2024,190,872,114,936,273,137
Pharmaceutical,2022,151,409,461,298,474,624
Agriculture,2022,273,287,346,392,648,814
IT,2020,81,360,3,206,20,306
Pharmaceutical,2020,847,991,843,731,881,105
IT,2024,723,570,408,265,917,465
Mining,2020,412,138,163,464,596,285
IT,2023,917,101,892,591,173,820
Agriculture,2023,468,998,79,278,427,571
IT,2024,593,437,267,366,812,74
Manufacturing,2021,136,127,127,731,881,481
Mining,2023,36,585,464,347,717,846
Mining,2023,657,594,643,196,521,687
Automobile,2022,677,582,210,619,481,613
Mining,2022,401,4,159,432,841,259
IT,2023,130,334,576,815,993,470
IT,2021,515,125,586,512,182,544
Mining,2020,211,936,355,523,153,275
IT,2022,28,71,531,156,280,793
Mining,2023,186,480,122,611,126,619
Manufacturing,2021,183,838,413,142,153,978
Automobile,2021,36,7,896,915,962,31
Automobile,2022,853,544,317,445,253,555
Manufacturing,2024,898,867,797,165,469,95
Manufacturing,2020,252,865,931,904,572,841
Agriculture,2021,971,116,911,282,385,206
Pharmaceutical,2023,952,915,708,432,369,26
IT,2021,192,436,538,750,979,867
Pharmaceutical,2021,51,894,854,636,358,396
Mining,2023,71,176,333,500,605,592
Pharmaceutical,2021,167,958,880,982,26,380
Mining,2023,456,131,745,472,853,523
Automobile,2022,62,728,793,322,737,597
IT,2024,106,3,43,677,792,931
Automobile,2020,142,587,941,652,4,798
Mining,2022,84,968,195,320,897,285
Pharmaceutical,2023,12,89,426,228,870,962
Pharmaceutical,2023,738,192,405,347,708,915
IT,2022,895,236,525,768,848,746
Pharmaceutical,2021,937,906,380,589,835,343
Mining,2023,189,952,846,197,224,978
Manufacturing,2022,854,549,963,107,322,222
Pharmaceutical,2020,943,873,660,75,850,634
Mining,2023,390,237,916,471,213,137
IT,2024,775,936,425,521,721,661
Agriculture,2024,454,907,475,347,781,169
Mining,2024,105,427,102,346,104,941
Pharmaceutical,2021,883,866,675,36,581,31
Pharmaceutical,2024,241,818,775,754,690,68
Agriculture,2023,592,244,212,797,273,195
Mining,2022,466,795,108,239,320,153
Pharmaceutical,2023,388,631,10,405,625,306
Manufacturing,2022,393,174,84,140,919,999
Pharmaceutical,2021,197,415,297,725,189,455
Automobile,2020,639,703,613,396,743,597
IT,2024,300,817,301,370,770,597
IT,2020,515,509,105,596,781,417
Agriculture,2024,515,610,675,11,690,412
Mining,2023,936,953,71,655,153,322
Pharmaceutical,2024,28,347,137,936,599,31
Pharmaceutical,2022,332,900,533,388,167,306
IT,2020,884,177,452,41,93,878
Pharmaceutical,2020,95,182,722,991,723,100
Agriculture,2022,690,105,340,75,710,158
Pharmaceutical,2023,333,165,496,325,877,793
Pharmaceutical,2020,111,606,502,706,946,68
Agriculture,2023,401,945,723,744,1000,534
Agriculture,2020,95,617,462,593,469,809
Mining,2021,304,757,847,830,523,592
Automobile,2023,347,363,15,8,367,211
Manufacturing,2021,398,771,973,308,320,793
Automobile,2023,783,844,868,153,592,15
Mining,2023,737,251,216,790,523,634
Manufacturing,2022,313,466,225,650,287,518
Automobile,2020,35,985,795,226,289,809
Mining,2022,771,975,256,804,630,629
Automobile,2021,123,951,593,502,135,100
IT,2023,997,314,245,146,429,645
IT,2024,314,888,1,176,211,539
Pharmaceutical,2022,463,823,435,730,354,333
Agriculture,2022,579,595,270,664,964,910
Mining,2022,55,960,693,539,750,962
Automobile,2024,222,982,331,940,398,804
Agriculture,2024,799,33,647,832,652,772
Automobile,2020,539,977,723,23,547,185
Agriculture,2024,552,360,500,632,775,15
IT,2023,825,693,907,449,657,465
Agriculture,2022,491,299,570,12,763,79
Pharmaceutical,2024,617,380,272,812,788,433
Mining,2020,699,152,777,366,218,560
Agriculture,2023,813,726,783,569,409,460
Automobile,2022,428,823,926,753,291,439
Manufacturing,2024,399,399,705,298,44,899
Manufacturing,2022,327,875,181,439,632,439
Agriculture,2023,833,615,562,961,608,772
IT,2022,976,336,913,260,797,518
Pharmaceutical,2023,931,355,788,322,84,407
Mining,2023,680,328,205,997,657,952
Agriculture,2023,778,226,326,583,385,460
Agriculture,2020,467,546,81,943,273,523
Mining,2020,403,421,842,640,420,428
Mining,2023,122,198,610,394,242,650
Mining,2023,823,62,271,284,336,5
IT,2024,244,782,190,298,13,783
Manufacturing,2023,734,534,637,894,677,984
Pharmaceutical,2024,819,48,229,605,523,375
IT,2023,502,240,841,496,71,169
Mining,2023,984,541,704,932,752,216
Agriculture,2020,845,23,100,954,839,15
Agriculture,2020,760,358,346,565,690,973
Pharmaceutical,2022,393,589,414,598,24,671
IT,2021,76,289,613,445,465,185
Agriculture,2024,307,10,781,662,959,550
Manufacturing,2024,438,235,366,549,376,904
Agriculture,2023,969,347,391,424,483,560
Pharmaceutical,2022,874,653,439,305,356,867
Agriculture,2022,845,264,438,749,22,978
Pharmaceutical,2020,416,961,425,6,44,608
IT,2022,729,723,172,301,412,978
Pharmaceutical,2021,661,335,831,475,447,888
Manufacturing,2020,522,32,329,434,233,650
Manufacturing,2024,57,291,669,984,391,751
Mining,2024,942,104,329,58,828,365
Automobile,2024,80,685,407,888,345,904
Pharmaceutical,2024,221,262,113,129,559,423
Manufacturing,2021,996,398,938,967,888,947
Agriculture,2024,361,403,627,101,817,497
IT,2021,4,805,971,127,930,619
IT,2021,795,256,10,236,786,978
Manufacturing,2020,233,171,311,252,850,206
Agriculture,2023,55,562,376,71,988,941
Automobile,2024,402,630,765,822,572,973
Mining,2020,771,671,610,572,82,994
Automobile,2024,414,350,659,836,403,656
Pharmaceutical,2023,131,864,225,627,340,608
IT,2020,137,498,257,996,775,687
Automobile,2020,442,497,281,649,164,931
Mining,2021,687,716,857,215,561,962
Mining,2020,479,214,22,769,334,608
IT,2024,917,375,682,179,995,947
IT,2024,140,280,687,29,35,380
IT,2022,135,809,771,394,690,677
Automobile,2021,230,951,720,390,0,0
Pharmaceutical,2023,639,375,757,435,40,433
Automobile,2021,91,303,962,473,565,423
IT,2024,543,786,44,869,556,31
Manufacturing,2022,147,770,521,235,383,952
Mining,2022,228,125,302,903,897,698
Manufacturing,2022,612,882,673,574,779,788
Manufacturing,2024,279,152,538,929,516,592
Mining,2022,470,743,346,743,670,201
Automobile,2020,756,26,624,267,570,513
Mining,2023,981,288,131,158,100,931
Pharmaceutical,2024,992,442,973,409,396,343
Mining,2023,16,430,481,660,741,772
Manufacturing,2024,43,703,797,838,737,275
Pharmaceutical,2020,451,470,896,144,494,978
Pharmaceutical,2020,464,898,651,643,942,555
IT,2021,703,225,627,458,220,619
Agriculture,2020,832,836,850,260,625,846
Agriculture,2023,744,919,846,757,380,185
Pharmaceutical,2021,71,707,776,1000,755,89
Manufacturing,2020,687,193,584,203,797,222
Mining,2022,520,864,678,824,819,857
Manufacturing,2024,800,806,219,319,403,190
Automobile,2020,224,122,0,527,979,238
Pharmaceutical,2024,668,562,143,653,703,343
Manufacturing,2022,378,862,214,275,605,534
Mining,2023,589,277,324,264,276,931
Mining,2021,173,229,488,31,766,952
Pharmaceutical,2022,667,117,704,980,741,534
Agriculture,2024,977,95,289,882,719,116
Automobile,2024,60,541,66,614,365,52
Mining,2021,461,245,753,96,178,470
Pharmaceutical,2023,547,255,445,745,291,100
Agriculture,2024,814,490,561,446,256,999
Automobile,2023,704,507,590,768,385,137
Automobile,2023,817,614,524,116,710,370
IT,2022,17,442,646,256,416,544
Agriculture,2022,892,644,642,710,574,26
Mining,2023,73,901,556,443,394,222
Pharmaceutical,2023,796,137,436,521,648,788
Automobile,2021,872,735,27,418,338,455
Manufacturing,2023,411,756,107,870,817,370
IT,2024,645,73,478,909,91,936
Agriculture,2024,721,464,978,882,772,248
Agriculture,2020,902,395,544,504,338,873
Mining,2023,52,448,578,331,258,920
Manufacturing,2023,765,35,588,262,233,201
Manufacturing,2024,30,309,724,411,516,529
Agriculture,2024,879,542,713,862,770,597
Pharmaceutical,2022,216,471,989,508,216,703
Pharmaceutical,2021,41,257,110,783,398,153
Manufacturing,2021,820,530,140,944,37,21
Mining,2023,6,776,859,753,469,253
IT,2021,769,619,81,698,639,550
Automobile,2022,665,865,95,467,405,470
Agriculture,2021,133,703,969,209,285,222
Manufacturing,2020,413,673,13,985,483,825
Pharmaceutical,2021,482,470,95,347,289,767
Pharmaceutical,2022,231,753,123,479,120,560
Manufacturing,2023,570,98,633,146,247,486
Agriculture,2022,668,158,964,50,298,433
Pharmaceutical,2020,735,598,265,23,512,158
Mining,2024,73,340,503,539,387,280
Automobile,2023,552,661,427,222,122,687
IT,2022,767,265,829,905,746,179
Manufacturing,2023,296,915,24,233,708,238
Mining,2022,853,331,653,110,850,402
Mining,2021,597,856,951,211,726,386
IT,2023,480,936,727,470,351,301
IT,2024,765,895,120,999,630,269
Mining,2024,530,331,268,967,594,338
Agriculture,2021,305,562,94,60,746,359
Agriculture,2021,903,732,660,275,314,783
IT,2021,174,245,328,652,260,396
Manufacturing,2023,427,301,874,21,503,26
Pharmaceutical,2021,513,876,698,946,906,772
Automobile,2021,718,219,605,279,236,555
IT,2024,684,34,804,813,683,693
Manufacturing,2021,957,790,793,410,821,158
IT,2022,751,963,825,447,438,608
Mining,2020,114,802,702,905,864,433
Pharmaceutical,2020,878,77,271,998,340,179
Agriculture,2024,961,883,574,266,396,428
Automobile,2024,539,313,98,98,211,460
Agriculture,2020,876,591,245,791,538,111
Mining,2020,56,33,331,974,24,386
Mining,2020,639,469,616,378,904,952
Automobile,2021,775,476,604,130,425,269
Agriculture,2024,96,111,151,471,924,42
IT,2020,918,966,851,955,398,708
Manufacturing,2023,131,513,441,957,737,687
Pharmaceutical,2023,189,189,705,431,997,751
Agriculture,2023,632,674,499,430,331,105
Automobile,2020,319,392,799,806,367,613
IT,2020,816,997,158,487,202,95
Mining,2024,406,809,533,201,521,433
Agriculture,2022,315,123,330,478,231,380
Automobile,2023,924,440,928,413,213,100
Agriculture,2024,75,587,508,361,783,809
Automobile,2020,24,313,797,138,476,756
Agriculture,2020,714,698,220,494,60,396
Agriculture,2023,113,820,419,247,244,518
Pharmaceutical,2024,236,209,798,392,496,539
Pharmaceutical,2024,317,316,277,986,209,915
IT,2020,241,905,526,945,93,841
Manufacturing,2024,630,236,920,466,612,777
Pharmaceutical,2020,863,255,601,483,801,391
Automobile,2022,177,762,602,479,801,851
Automobile,2024,384,594,331,508,207,95
Automobile,2020,468,539,997,175,443,957
Mining,2023,472,268,284,121,612,634
IT,2020,5,934,68,889,579,597
IT,2020,834,190,951,28,412,164
Automobile,2023,707,242,897,496,425,153
Agriculture,2020,649,473,727,755,180,994
Agriculture,2021,675,677,167,156,144,68
IT,2020,206,860,992,584,46,619
Agriculture,2023,56,322,114,19,278,95
Manufacturing,2022,965,995,308,495,229,804
Manufacturing,2022,51,23,797,252,220,608
Automobile,2021,616,503,138,373,792,164
Mining,2022,24,122,527,340,224,820
Automobile,2023,727,595,840,843,265,539
Manufacturing,2023,252,963,734,385,603,746
Automobile,2023,745,471,607,419,231,333
Agriculture,2021,349,96,324,259,118,206
IT,2023,600,826,430,430,541,735
Mining,2024,833,484,249,70,706,5
Pharmaceutical,2024,526,836,159,493,97,698
IT,2024,91,599,393,430,124,100
Automobile,2023,329,957,782,340,86,465
Automobile,2024,222,909,764,321,309,322
Automobile,2024,214,407,275,502,612,296
Automobile,2024,798,120,425,607,407,825
Mining,2020,141,351,533,157,195,894
Agriculture,2020,323,463,299,581,354,111
Pharmaceutical,2023,556,528,108,296,585,793
Pharmaceutical,2022,914,327,672,344,692,544
Manufacturing,2023,78,198,796,530,20,142
Agriculture,2023,562,38,553,513,677,354
Agriculture,2021,74,821,428,756,772,238
Mining,2020,34,883,560,628,467,544
Manufacturing,2023,718,538,368,509,775,777
IT,2020,302,918,415,473,320,724
Manufacturing,2020,496,26,21,112,242,428
Manufacturing,2023,848,365,531,461,946,857
IT,2021,893,999,407,448,572,830
Manufacturing,2021,146,264,135,132,523,693
Manufacturing,2024,98,633,587,63,518,396
Agriculture,2021,464,478,245,839,516,296
Manufacturing,2021,26,745,418,968,427,497
IT,2020,265,575,184,209,652,661
Manufacturing,2022,464,97,403,749,877,89
IT,2021,602,106,782,431,768,719
IT,2024,714,109,819,748,714,703
Manufacturing,2020,251,308,912,432,797,703
Pharmaceutical,2022,662,66,560,7,881,661
IT,2020,874,154,938,576,487,661
IT,2024,411,770,641,533,527,846
Agriculture,2022,413,404,43,478,781,814
Manufacturing,2022,68,584,428,765,527,412
IT,2020,727,958,934,999,24,952
Automobile,2022,42,814,826,978,621,825
Automobile,2023,387,538,846,907,175,931
Automobile,2024,721,289,608,586,612,238
Agriculture,2023,784,22,874,811,922,148
Manufacturing,2023,682,563,787,753,523,735
Mining,2024,204,755,925,309,238,746
IT,2020,0,3,908,694,995,587
Automobile,2022,629,743,289,648,120,142
Manufacturing,2024,380,974,418,271,679,296
Pharmaceutical,2021,759,190,764,880,997,788
Manufacturing,2023,64,690,744,193,759,666
Pharmaceutical,2023,16,580,435,72,57,650
IT,2022,95,118,760,529,933,592
Manufacturing,2024,604,20,256,861,173,116
IT,2024,263,651,560,35,249,460
Manufacturing,2022,908,727,601,372,717,37
Agriculture,2020,498,48,616,620,423,555
Manufacturing,2022,609,195,737,933,89,523
Automobile,2024,889,195,441,708,737,439
IT,2021,134,677,320,740,824,365
Mining,2024,740,238,158,763,632,492
Automobile,2023,697,180,664,479,82,365
Automobile,2020,482,332,51,480,129,449
Automobile,2021,838,183,336,403,665,52
Manufacturing,2023,925,729,693,315,801,862
Pharmaceutical,2024,546,908,932,91,167,328
Pharmaceutical,2024,883,857,875,361,138,238
Pharmaceutical,2024,870,306,684,432,345,5
Manufacturing,2023,112,294,264,268,510,105
Mining,2024,656,710,753,636,95,894
Agriculture,2024,580,273,347,705,327,518
Mining,2023,252,984,311,710,665,904
Automobile,2023,213,623,23,74,322,52
Agriculture,2022,16,478,848,850,115,671
Mining,2024,154,796,525,205,703,58
Pharmaceutical,2022,635,314,486,928,964,835
Automobile,2023,410,557,107,769,922,402
Manufacturing,2021,262,528,859,540,893,841
Agriculture,2021,897,806,979,797,884,26
Mining,2022,908,191,68,498,144,111
Manufacturing,2023,626,349,564,624,256,798
IT,2023,146,394,640,622,870,386
Manufacturing,2022,979,774,497,351,935,936
Mining,2024,369,528,145,368,220,201
Agriculture,2020,21,792,459,168,790,682
Mining,2023,708,602,723,654,33,306
IT,2022,678,974,663,101,178,582
Agriculture,2022,924,79,458,118,496,275
Manufacturing,2021,628,855,314,493,853,978
IT,2023,494,676,230,329,6,862
IT,2024,309,303,644,839,86,682
IT,2024,669,750,734,858,906,671
Automobile,2024,984,774,401,995,184,613
Automobile,2021,221,314,445,479,198,460
Mining,2021,144,562,843,875,759,333
IT,2020,877,35,953,336,171,851
Mining,2024,333,435,242,805,329,476
IT,2021,911,58,27,286,973,142
Automobile,2021,54,81,758,579,276,809
Automobile,2021,32,504,679,527,683,111
Pharmaceutical,2023,922,33,392,356,458,656
Agriculture,2020,670,484,453,239,708,10
Manufacturing,2024,664,478,754,151,440,37
Mining,2021,230,566,946,424,672,291
IT,2021,824,960,603,77,692,566
Manufacturing,2020,104,640,782,408,964,539
Mining,2020,372,270,944,319,806,560
Automobile,2020,629,613,803,818,826,873
Automobile,2023,731,442,836,87,966,169
Automobile,2020,75,768,803,719,926,322
Manufacturing,2022,755,626,435,409,616,597
Automobile,2024,320,990,708,898,95,883
Pharmaceutical,2024,333,472,762,493,122,248
Manufacturing,2023,599,719,0,152,93,52
Mining,2022,355,840,656,578,224,582
Pharmaceutical,2021,245,661,627,698,383,158
IT,2023,875,225,747,976,759,666
Mining,2024,965,339,470,417,414,698
Pharmaceutical,2021,182,208,935,706,454,888
Mining,2024,389,206,734,784,407,656
Pharmaceutical,2022,383,655,593,559,913,714
IT,2022,756,743,399,279,403,126
Pharmaceutical,2021,53,91,528,115,296,158
Agriculture,2021,76,1,366,457,795,31
Pharmaceutical,2020,300,163,320,758,630,962
Agriculture,2022,679,620,561,567,730,169
Agriculture,2020,141,181,982,399,948,306
IT,2024,482,70,152,274,476,227
IT,2023,988,303,453,240,946,608
IT,2021,225,535,377,873,890,433
Agriculture,2021,964,698,58,252,634,989
Agriculture,2023,234,847,473,800,498,322
Agriculture,2021,159,396,240,299,712,544
Pharmaceutical,2021,256,938,537,964,699,158
IT,2022,243,757,282,926,612,37
Automobile,2020,717,513,488,492,957,730
IT,2022,741,784,799,141,318,158
Mining,2020,181,700,599,589,82,555
Manufacturing,2024,899,873,217,933,601,349
Agriculture,2023,400,722,371,431,438,375
IT,2022,599,64,988,59,53,63
IT,2021,81,545,187,810,556,42
Mining,2023,210,16,913,852,144,137
Mining,2021,492,861,107,783,570,185
Mining,2022,658,368,460,208,523,603
Manufacturing,2023,883,80,589,848,369,126
Mining,2023,556,890,112,719,514,259
IT,2021,174,22,632,801,975,793
Automobile,2022,886,754,933,3,113,476
Manufacturing,2020,648,63,11,66,514,560
IT,2022,35,794,0,262,316,312
Agriculture,2024,429,575,235,28,416,433
Automobile,2023,501,882,35,75,2,253
Automobile,2020,612,329,988,604,209,724
Agriculture,2020,404,126,645,588,149,423
Manufacturing,2023,102,240,230,684,628,275
Automobile,2020,711,716,29,866,262,291
Mining,2021,746,916,195,106,861,433
Pharmaceutical,2024,436,836,143,709,634,153
Mining,2021,92,177,424,724,256,10
Automobile,2022,539,708,25,146,100,703
Pharmaceutical,2024,912,604,45,311,701,52
Pharmaceutical,2023,262,572,103,427,412,984
Automobile,2022,222,188,737,374,906,354
IT,2024,626,297,328,990,173,486
Mining,2021,510,614,400,798,619,269
Agriculture,2020,20,890,969,637,681,63
Agriculture,2022,104,973,80,149,17,465
Mining,2021,725,487,888,77,376,359
IT,2020,529,413,10,750,933,957
Automobile,2021,484,289,879,443,452,248
Manufacturing,2022,202,569,418,834,703,349
Mining,2023,773,264,997,328,592,248
Automobile,2024,919,136,344,117,585,333
IT,2023,318,531,852,830,750,814
Manufacturing,2022,219,550,215,406,498,211
Mining,2022,778,402,970,821,746,978
Agriculture,2022,799,359,774,618,783,21
Pharmaceutical,2021,967,495,311,448,365,428
Automobile,2021,233,544,504,758,730,312
Pharmaceutical,2022,614,409,939,914,841,370
Agriculture,2024,358,608,847,543,906,941
Automobile,2024,190,64,620,651,407,687
Automobile,2023,619,357,762,248,487,253
IT,2023,993,925,451,104,723,68
Pharmaceutical,2024,581,584,637,601,991,915
IT,2023,497,429,443,875,380,269
Automobile,2023,497,726,375,951,77,412
IT,2021,691,416,795,767,875,878
Automobile,2022,746,627,343,394,777,407
Manufacturing,2021,330,633,705,837,35,232
Manufacturing,2022,917,859,837,2,726,0
Manufacturing,2021,349,668,782,46,547,31
Mining,2021,295,795,60,264,775,444
Pharmaceutical,2020,315,790,274,744,639,47
Automobile,2022,113,774,619,448,351,402
Agriculture,2020,650,999,254,285,530,534
Pharmaceutical,2020,812,917,200,868,249,328
Pharmaceutical,2023,875,440,620,650,601,37
IT,2020,877,920,580,751,345,957
Automobile,2023,473,300,351,471,456,761
Agriculture,2021,972,173,352,821,360,132
Manufacturing,2023,800,545,288,736,904,513
Mining,2022,763,627,515,512,581,920
Manufacturing,2023,855,592,503,907,481,703
Agriculture,2021,708,760,610,819,189,809
Agriculture,2022,862,919,599,559,986,460
Pharmaceutical,2020,904,241,525,936,358,312
Agriculture,2021,81,812,798,372,797,486
Manufacturing,2021,80,139,960,152,316,238
Pharmaceutical,2022,261,818,708,895,728,52
Pharmaceutical,2020,646,8,250,998,501,936
IT,2023,840,112,867,851,632,111
IT,2022,367,426,679,66,616,703
Automobile,2022,806,859,991,970,625,798
Automobile,2024,483,176,396,603,717,693
Mining,2023,255,771,716,190,478,497
Agriculture,2023,161,156,931,248,133,613
Pharmaceutical,2022,598,356,981,394,543,15
Automobile,2020,834,9,956,530,612,751
Agriculture,2022,266,704,20,975,160,5
Mining,2021,537,205,464,903,483,788
Agriculture,2024,675,668,0,33,516,783
IT,2021,797,412,342,211,681,730
Automobile,2020,687,90,175,122,485,846
Pharmaceutical,2021,650,122,440,142,48,582
Agriculture,2020,190,653,133,631,11,862
Manufacturing,2022,971,725,265,205,494,703
IT,2021,515,357,657,134,474,571
Agriculture,2021,81,847,994,557,743,835
Automobile,2021,314,439,386,568,242,349
Mining,2021,61,639,863,953,957,449
Automobile,2022,24,390,596,281,890,502
Manufacturing,2023,459,905,276,150,839,476
Pharmaceutical,2020,41,530,351,686,841,814
Pharmaceutical,2021,725,914,897,462,510,74
Automobile,2020,483,700,676,121,273,978
Pharmaceutical,2024,771,537,313,95,870,380
Agriculture,2022,493,88,460,338,291,576
Automobile,2020,972,636,328,504,17,121
Pharmaceutical,2021,555,637,982,940,777,248
Mining,2021,918,75,584,834,541,386
Mining,2023,110,579,204,182,320,846
Mining,2021,874,378,108,352,939,275
Manufacturing,2022,815,944,62,741,844,687
Automobile,2020,776,980,735,641,443,592
Agriculture,2023,427,87,43,351,951,370
Agriculture,2020,209,898,689,890,100,941
Agriculture,2021,548,244,718,428,258,687
Mining,2021,262,578,990,666,866,730
Agriculture,2022,704,749,386,403,572,417
IT,2020,560,66,238,351,8,0
IT,2022,80,823,425,860,111,899
Manufacturing,2023,552,753,425,620,859,523
Automobile,2020,509,419,551,844,465,322
Automobile,2021,243,485,882,781,135,84
IT,2022,334,414,440,892,374,206
Pharmaceutical,2024,845,714,304,735,732,804
IT,2022,924,808,743,963,342,941
Manufacturing,2023,812,204,533,389,162,74
Manufacturing,2024,719,975,83,995,815,417
Manufacturing,2023,84,43,328,662,164,211
Agriculture,2022,289,531,70,112,723,798
Manufacturing,2021,927,711,458,330,739,26
Automobile,2020,64,110,495,742,739,317
Manufacturing,2024,586,125,150,271,144,455
Pharmaceutical,2024,572,126,534,265,946,587
IT,2021,922,718,216,465,351,5
Agriculture,2021,935,100,718,638,759,417
Pharmaceutical,2022,774,310,460,37,153,915
Agriculture,2023,964,11,883,991,91,248
Mining,2021,680,143,732,628,100,95
Mining,2020,15,703,108,465,657,682
Pharmaceutical,2020,751,683,196,285,443,349
Pharmaceutical,2022,333,639,919,141,924,417
IT,2022,675,518,274,499,572,735
Agriculture,2024,696,223,807,990,60,243
Automobile,2021,116,21,404,121,20,925
Automobile,2021,197,195,834,136,732,761
Mining,2021,670,576,441,894,728,962
Manufacturing,2024,452,329,24,712,552,619
Agriculture,2022,855,740,421,328,997,502
IT,2024,339,337,153,526,848,873
Mining,2021,81,321,488,464,260,989
Manufacturing,2022,723,440,123,532,919,608
Agriculture,2020,987,533,77,441,291,835
Mining,2021,332,403,86,729,853,788
Mining,2020,299,705,655,853,917,37
Automobile,2022,925,716,818,594,394,386
IT,2024,558,779,91,436,481,174
Manufacturing,2023,245,370,76,177,129,486
Automobile,2024,483,453,758,449,8,529
IT,2022,638,364,415,20,100,444
Mining,2024,73,177,334,618,100,449
Agriculture,2021,538,124,254,866,832,518
Pharmaceutical,2023,826,94,40,129,60,291
Manufacturing,2024,676,392,224,452,182,185
Pharmaceutical,2020,372,319,539,142,64,645
Manufacturing,2021,488,22,924,631,316,142
Pharmaceutical,2020,744,480,909,995,612,460
Mining,2021,474,47,367,529,140,89
Agriculture,2021,807,33,254,757,946,111
Manufacturing,2020,154,379,595,636,971,989
Automobile,2020,798,471,339,611,280,158
Automobile,2021,929,391,241,315,347,560
Agriculture,2021,372,152,25,35,48,248
Agriculture,2024,608,698,571,843,171,492
Agriculture,2021,624,887,62,576,405,375
Manufacturing,2022,340,882,748,575,699,984
Mining,2020,765,494,322,860,51,31
Agriculture,2024,403,632,843,853,853,687
Pharmaceutical,2024,211,646,495,567,456,301
Manufacturing,2024,466,510,528,778,585,915
Pharmaceutical,2023,577,391,214,120,204,656
Mining,2023,234,713,796,706,650,539
Pharmaceutical,2024,860,261,748,439,708,999
Manufacturing,2020,799,550,916,569,639,883
IT,2024,352,341,785,902,632,285
Agriculture,2021,209,853,188,793,645,544
Mining,2022,441,284,507,377,703,603
IT,2023,408,972,450,322,26,772
Automobile,2021,518,55,792,21,884,412
Manufacturing,2022,863,995,610,208,590,444
Automobile,2023,240,877,939,957,142,777
Automobile,2022,675,352,876,745,583,21
Mining,2021,542,604,728,277,926,634
Manufacturing,2023,862,520,392,733,899,999
Mining,2023,54,636,647,202,614,550
IT,2020,333,169,463,476,786,195
IT,2021,325,356,842,92,454,767
IT,2020,774,489,474,972,338,42
Automobile,2020,3,82,425,701,62,322
IT,2023,913,970,613,615,331,179
Mining,2022,840,433,777,564,133,439
Mining,2024,664,987,713,518,420,677
Manufacturing,2021,969,775,602,310,24,830
IT,2024,33,136,655,330,193,714
Manufacturing,2020,220,0,860,811,505,391
IT,2021,359,703,781,206,380,566
Agriculture,2020,296,78,693,59,62,433
Manufacturing,2024,611,863,684,541,222,592
IT,2020,228,997,810,703,489,735
Mining,2024,953,64,499,607,42,936
Manufacturing,2020,368,635,924,187,287,687
Agriculture,2020,546,686,1,222,487,947
Agriculture,2024,666,68,465,947,6,703
IT,2020,870,522,161,136,948,761
Agriculture,2020,664,558,929,631,530,142
Pharmaceutical,2023,276,27,279,26,454,783
Manufacturing,2020,969,373,99,631,859,148
Mining,2021,462,713,528,678,699,873
Pharmaceutical,2023,598,523,291,836,220,835
Manufacturing,2021,695,640,877,878,418,497
Automobile,2023,932,797,152,477,942,925
Mining,2024,989,492,936,25,298,730
Agriculture,2024,808,463,44,52,942,661
Mining,2023,262,676,305,54,532,396
Agriculture,2022,677,951,902,498,888,52
Automobile,2024,547,190,262,128,523,216
Automobile,2024,889,571,424,518,84,830
IT,2021,561,747,118,632,378,428
Mining,2021,453,124,38,341,973,830
Pharmaceutical,2022,448,864,3,167,483,947
Automobile,2023,145,427,916,603,474,597
Manufacturing,2022,460,791,258,646,354,687
Automobile,2020,398,82,821,211,906,830
Manufacturing,2024,21,831,289,595,523,423
Automobile,2024,364,616,765,165,988,423
Pharmaceutical,2023,954,428,454,379,287,243
Agriculture,2023,612,240,525,829,587,317
Pharmaceutical,2020,427,100,409,372,890,846
IT,2020,820,326,522,699,565,582
Mining,2024,974,278,709,787,285,269
Automobile,2024,180,186,588,899,685,687
IT,2022,595,827,369,35,369,878
Agriculture,2022,417,885,326,440,160,412
Automobile,2021,877,738,288,436,812,719
IT,2021,291,402,421,341,503,656
Pharmaceutical,2024,186,472,274,89,93,492
Automobile,2023,661,419,960,242,844,253
Agriculture,2024,981,473,860,819,946,100
IT,2024,620,200,308,829,536,195
IT,2021,441,646,880,194,971,587
IT,2021,221,202,15,381,879,984
Agriculture,2021,354,23,204,210,922,0
Agriculture,2020,381,404,838,973,770,100
Manufacturing,2022,718,574,821,559,697,211
Pharmaceutical,2022,595,491,704,807,469,158
Pharmaceutical,2020,398,442,166,497,17,243
Manufacturing,2024,804,332,544,869,387,772
Automobile,2022,177,484,948,454,436,708
Automobile,2024,651,188,386,280,968,777
Manufacturing,2020,233,877,624,878,623,89
Agriculture,2023,282,230,924,882,612,391
Automobile,2023,939,871,304,79,135,89
Manufacturing,2023,205,459,162,324,790,841
IT,2022,357,175,969,143,242,629
Mining,2021,620,988,206,302,158,439
Automobile,2023,167,106,899,876,189,809
Mining,2020,739,598,577,365,325,730
Pharmaceutical,2020,271,980,153,981,897,867
Pharmaceutical,2024,395,823,644,447,857,142
Agriculture,2022,352,684,825,475,567,999
Agriculture,2022,745,763,886,14,783,867
Manufacturing,2022,285,947,324,514,786,798
Automobile,2021,864,176,863,807,187,470
Pharmaceutical,2024,147,989,613,62,510,883
Mining,2022,452,382,300,509,138,957
IT,2024,720,415,456,159,260,968
Pharmaceutical,2021,701,124,858,933,236,883
Manufacturing,2022,535,954,819,379,590,201
Automobile,2024,30,777,785,316,198,703
Pharmaceutical,2022,46,294,165,605,770,899
IT,2022,810,686,209,202,342,873
Manufacturing,2024,894,200,161,204,472,380
Mining,2021,889,831,757,629,458,465
Pharmaceutical,2021,605,50,254,925,875,370
IT,2024,529,516,762,213,532,449
Automobile,2020,865,335,943,327,236,269
IT,2022,668,905,97,221,610,941
Manufacturing,2024,219,655,663,591,541,21
Agriculture,2024,90,778,58,135,873,497
Agriculture,2020,96,639,193,224,661,740
Agriculture,2022,638,226,801,574,113,148
Manufacturing,2022,251,770,210,838,24,190
Pharmaceutical,2024,822,139,22,344,64,835
Pharmaceutical,2021,815,327,184,533,554,798
IT,2023,697,412,733,526,944,439
Mining,2023,518,957,554,501,590,724
Agriculture,2022,240,93,137,89,489,862
Manufacturing,2021,400,375,300,686,973,169
IT,2021,355,94,993,858,576,783
Manufacturing,2023,203,860,621,946,374,640
Manufacturing,2024,656,794,992,862,481,989
Agriculture,2022,770,192,752,219,95,978
IT,2023,859,500,505,124,445,851
Automobile,2024,560,200,132,530,13,153
Manufacturing,2020,756,382,472,104,445,999
Pharmaceutical,2020,323,248,478,396,832,587
Automobile,2024,409,360,701,320,530,291
Automobile,2022,501,11,604,373,318,492
Mining,2023,885,578,27,68,211,497
Manufacturing,2021,444,568,742,65,886,26
Agriculture,2021,84,521,672,985,975,841
Pharmaceutical,2024,325,200,244,964,873,814
Pharmaceutical,2021,527,771,550,558,503,280
Manufacturing,2022,432,315,349,623,654,375
IT,2023,23,796,906,527,603,608
Mining,2024,968,407,146,782,53,354
Automobile,2024,989,206,730,642,681,190
Pharmaceutical,2024,295,790,829,401,253,825
Agriculture,2023,971,347,306,990,423,957
Pharmaceutical,2024,560,660,130,539,518,671
Agriculture,2020,328,946,155,944,289,989
Manufacturing,2020,269,783,355,855,697,746
Mining,2020,635,979,712,424,679,788
Automobile,2021,921,263,116,92,837,820
Mining,2022,507,543,658,805,220,698
Agriculture,2023,727,372,128,503,336,507
IT,2024,717,526,883,243,447,534
Manufacturing,2024,641,317,480,853,55,555
IT,2021,273,89,860,322,703,370
Agriculture,2021,286,230,210,5,975,714
Mining,2024,659,517,695,254,674,216
Agriculture,2021,487,967,204,60,106,402
IT,2021,271,243,519,740,84,142
IT,2023,279,127,421,578,563,804
Pharmaceutical,2024,799,35,758,463,75,989
Manufacturing,2022,917,631,239,242,202,47
IT,2022,282,944,151,538,126,873
Mining,2020,57,439,276,315,33,333
Agriculture,2022,335,826,695,992,527,767
Mining,2024,100,690,947,554,922,984
IT,2022,395,567,610,857,432,206
Automobile,2024,385,202,897,340,427,529
Pharmaceutical,2023,918,352,663,437,861,259
Pharmaceutical,2021,856,230,759,991,135,920
Agriculture,2020,151,96,316,536,837,465
Pharmaceutical,2023,612,826,807,485,104,640
Mining,2021,460,656,763,845,160,433
Agriculture,2022,347,466,942,918,380,328
Manufacturing,2021,497,280,120,377,993,412
IT,2021,853,17,448,441,710,232
Automobile,2020,31,64,350,529,416,539
Manufacturing,2023,126,519,240,119,162,582
Automobile,2023,278,533,575,289,781,502
Agriculture,2022,586,67,388,387,24,835
IT,2022,569,428,226,625,659,999
Manufacturing,2023,679,746,626,876,380,174
Automobile,2023,314,90,126,310,55,26
Mining,2022,938,573,958,118,385,502
Automobile,2024,687,765,448,457,44,582
Automobile,2020,563,423,963,9,665,936
IT,2022,785,681,298,715,224,735
Pharmaceutical,2024,658,931,942,532,866,751
Manufacturing,2020,645,219,364,249,534,275
Pharmaceutical,2020,398,774,828,168,155,444
Pharmaceutical,2024,923,726,946,154,396,296
Pharmaceutical,2022,156,573,209,843,51,624
IT,2020,16,789,454,799,572,666
Manufacturing,2020,84,927,331,813,445,693
Mining,2023,183,458,417,46,641,412
Manufacturing,2021,819,897,396,201,902,783
Pharmaceutical,2020,864,163,945,240,821,285
Mining,2022,361,584,376,979,369,370
Automobile,2020,600,179,431,372,866,746
Mining,2022,749,225,778,555,216,84
